Name,Code,Data Collection Number,Data Collection Date,Assessor,Breed,Sex,Litter,Source,PR Sup,DOB,DOA,End Date,Status,Familiarisation-Start Time (MM:SS),Familiarisation-Response [Oriented to Handler],Familiarisation-Response [Exploration],Familiarisation-Response [Waiting],Call Back-Start Time (MM:SS) ,Call Back-Response,Walking-Start Time (MM:SS),Walking-Distractibility,Walking-Pull on leash,Walking-Pull strength,Walking-Initiative,Standing-Start Time (MM:SS) ,Standing-Attempts ,Standing-Response,Sitting-Start Time (MM:SS) ,Sitting-Attempts,Sitting-Response,Lying-Start Time (MM:SS) ,Lying-Attempts,Lying-Response,Lying-Settled,Lying-Finish Time (MM:SS),Body check-Start Time (MM:SS),Body check-Response,Body check-General [Mouths],Body check-General [Licks],Body check-Finish Time (MM:SS) ,Tea Towel-Start Time (MM:SS),Tea Towel-First Response [Indifferent],Tea Towel-First Response [Turns head],Tea Towel-First Response [Attempts to/Removes towel by moving],Tea Towel-First Response [Attempts to/Removes towel with mouth],Tea Towel-First Response [Plays],Tea towel-Second Response [Indifferent],Tea towel-Second Response [Turns head],Tea towel-Second Response [Attempts to/Removes towel by moving],Tea towel-Second Response [Attempts to/Removes towel with mouth],Tea towel-Second Response [Plays],Tea Towel-Finish Time (MM:SS),Distractions-Start Time (MM:SS),Distractions-First Response [Object],Distractions-First Response [Human],Distractions-First Response [Car],Distractions-First Response [Food],Distractions-Second Response [Object],Distractions-Second Response [Human],Distractions-Second Response [Car],Distractions-Second Response [Food],Distractions-Pull on leash,Distractions-Pull strength,Distractions-Finish Time (MM:SS) ,Kong-Concentration-Start Time (MM:SS) ,Kong-Concentration-Response ,Kong-Retrieve-Start Time (MM:SS) ,Kong-Retrieve-Lateralisation,Kong-Retrieve-Response to stimulus,Kong-Retrieve-Response to assessor,Kong-Retrieve-Back,Kong-Retrieve-Finish Time (MM:SS),Dog-Start Time (MM:SS) ,Dog-Response,Dog-Call Back Response,Dog-Finish Time (MM:SS) ,Crate-Start Time (MM:SS) ,Crate-Entering,Crate-Behaviours [Relaxing],Crate-Behaviours [Sniffing/Exploring],Crate-Behaviours [Attention Seeking],Crate-Behaviours [Digging],Crate-Behaviours [Licking/Mouthing],Crate-Behaviours [Whining],Crate-Behaviours [Barking],Crate-Response,Crate-Urinating,Crate-Finish Time (MM:SS),Petting-Start Time (MM:SS),Petting-Stimulus,Petting-Holding dog,Petting-Finish Time (MM:SS),Isolation-Start Time (MM:SS),Isolation-Response [Time oriented],Isolation-Response [Exploration],Isolation-Response [Unsettled/Locomotion],Isolation-Response [Whining],Isolation-Response [Barking],Isolation-Urinating,Isolation-Finish Time (MM:SS) ,Noise-Time (MM:SS),Jumps,Shakes,Stretches,Whines,Short Barks,Continuous Barks,Growls,Scratches,Grooms,Yawns,Short Barks Count,Continuous Barks Duration,Continuous Barks Count,Whines Duration,Whines Count,Shakes Count,Jumps Count
Dugg,05-01-LD,1,22/05/2019,B,LRxGR,M,D,Home bred,Graham,11/02/2018,01/05/2019,25/10/2019,AD,00:25,1.0,4.0,1.0,01:16,2.0,01:33,1,1,1,2,02:56 ,1,4,03:38,2,3,04:26,3,2,3.0,05:29,05:51,3,No,No,06:27,06:37,No,Yes,Yes,No,No,No,Yes,No,Yes,No,07:08,07:43,5,2,2,6,2,2,3,4,3,3,08:38,09:09,4,09:43 ,None,3,1,1,10:00,10:32,5,2,10:54,11:58 ,3,2.0,1.0,3.0,1.0,1.0,4.0,4.0,4,No,12:30,12:44,1,3.0,13:14,13:28,4,1,1,1,4,No,14:02,14:34,09:30-09:33,01:25,,12:16-12:30,13:29; 13:39; 13:49; 13:51; 13:56,12:16-12:30; 13:41-13:46,na,na,na,na,5.0,19.0,2.0,14.0,1.0,1.0,1.0
Zeb,05-04-LZ,1,22/05/2019,B,LR,M,Z,Private breeder,Catherine,06/04/2018,01/05/2019,06/08/2019,W,00:17,3.0,2.0,4.0,01:40,,01:48,1,1,1,2,03:21,1,4,04:01,1,4,04:52,1,4,4.0,5:30,05:53,3,No,No,06:21,06:40,Yes,Yes,No,No,No,Yes,No,No,No,No,07:05,07:32,3,2,2,6,1,2,3,2,3,3,08:20,08:44,2,09:36,Right,3,1,2,09:52,10:46,4,2,11:05,11:44,2,3.0,3.0,1.0,2.0,1.0,1.0,1.0,1,No,12:40,12:56,1,1.0,13:21,13:30,3,3,1,1,1,No,14:40,15:18,,13:18,,na,,,,,,,,,,,,1.0,
Earl,04-02-LE,1,20/05/2019,A,LRx,M,E,IGDB,Catherine,12/03/2018,24/04/2019,29/11/2019,AD,0:00,4.0,,,1:37,,01:40,1,1,1,2,3:40,1,3,2 :52 ,1,4,4:25,1,4,3.0,5:15,6:06,3,No,No,6:39,6:54,Yes,Yes,No,No,No,Yes,No,No,No,No,7:18,7:47,1,2,3,1,3,2,2,3,1,1,8:20,8:42,3,9:09,,3,1,2,9:19,9:52,1,0,10:15,10:34,1,2.0,3.0,1.0,1.0,1.0,1.0,1.0,1,No,12:08,12:10,2,1.0,12:44,12:52,2,3,1,1,1,No,14:20,15:04,,00:18; 02:04; 08:03; 12:44,,na,,,,,,,,,,,,4.0,
Edrick,05-11-LE,1,13/06/2019,B,LRx,M,E,IGDB,Rose,12/03/2018,15/05/2019,09/07/2020,GD,00:05,3.0,3.0,3.0,00:58,1.0,01:07,1,1,1,2,02:36,1,4,03:09,1,4,03:41,1,4,4.0,04:42,04:48,3,No,No,05:23,05:34,No,Yes,Yes,Yes,Yes,No,Yes,No,Yes,Yes,06:00,06:36,3,3,3,5,2,1,1,3,2,2,07:22,07:47,3,08:27,,3,1,2,08:50,09:11,4,2,09:39,09:49,1,4.0,1.0,1.0,1.0,1.0,2.0,1.0,1,No,11:00,11:23,2,2.0,12:41,11:20,4,1,1,3,1,No,11:14,13:06,05:50; 07:08; 11:19,na,na,10:03; 10:07; 11:37; 11:56,na,na,na,na,na,na,,,,4.0,4.0,,3.0
Esme,05-13-LE,1,13/06/2019,A,LRx,F,E,IGDB,Graham,12/03/2018,15/05/2019,13/12/2019,GD,00:15,2.0,3.0,2.0,1:36,1.0,01:41,2,1,1,2,3:02,2,3,3:49,1,4,4:40,1,4,3.0,5:26,5:39,3,No,No,6:11,6:26,Yes,No,No,No,No,Yes,No,No,No,No,6:52,7:30,4,4,4,5,2,2,2,4,2,3,8:17,8:41,3,9:29,Right,2,1,1,9:47,10:15,4,2,10:47,11:27,3,1.0,2.0,3.0,1.0,1.0,1.0,3.0,4,No,12:27,12:30,2,1.0,12:45,12:54,3,3,1,1,2,No,13:50,14:27,,00:18; 10:01,,na,11:58; 13:05; 13:11; 13:14,11:37-11:54; 12:14- 12:19,,,,,4.0,22.0,2.0,,,2.0,
Fawn,05-03-LF,1,29/05/2019,A,LR,F,F,Home bred,Catherine,16/03/2018,01/05/2019,25/11/2019,GD,00:09,2.0,4.0,1.0,1:10,1.0,01:18,2,2,1,2,2:43,1,4,3:16,1,4,3:47,1,4,3.0,4:49,5:00,2,Yes,Yes,5:38,6:50,No,Yes,No,Yes,Yes,No,Yes,No,Yes,Yes,7:54,8:39,5,3,3,6,2,3,4,5,3,4,9:35,9:51,3,10:30,None,3,2,3,11:06,11:58,6,1,12:35,12:55,1,2.0,3.0,1.0,1.0,1.0,1.0,1.0,1,No,13:56,13:58,3,1.0,14:14,14:39,3,2,1,1,1,No,15:30,16:13,6:44; 7:19; 7:21; 7:35; 7:56; 8:03; 8:12; 9:19; 9:47; 15:33; 15:41,00:25; 00:57; 6:33,,na,,,,,,04:06; 04:24,,,,,,3.0,11.0
Elf,04-07-LE,1,22/05/2019,A,LRx,M,E,IGDB,Frances,12/03/2018,24/04/2019,25/11/2019,GD,00:24,3.0,3.0,1.0,1:10,,01:14,2,1,1,2,2:17,1,4,3:12,1,3,4:02,3,1,2.0,5:26,5:39,3,No,No,6:12,6:45,No,Yes,No,No,No,Yes,No,No,No,No,7:13,7:54,3,2,3,5,2,1,2,5,2,3,8:31,8:51,3,0:39,None,3,2,2,9:58,10:26,1,0,10:58,11:20,1,2.0,2.0,1.0,3.0,1.0,1.0,1.0,1,No,12:17,12:20,2,1.0,12:50,13:08,4,1,1,1,1,No,14:17,15:15,,00:34,,na,,,,,,01:19; 03:20; 09:07,,,,,,1.0,
Emmy,04-08-LE,1,18/06/2019,B,LRx,F,E,IGDB,Graham,12/03/2018,24/04/2019,19/08/2019,W,00:12,3.0,3.0,2.0,01:12,1.0,01:18,2,2,2,3,03:02,3,2,05:23,1,4,04:11,1,4,4.0,06:23,06:30,3,,,07:02,07:18,No,Yes,No,Yes,No,No,Yes,Yes,No,Yes,07:59,08:31,3,2,2,4,2,1,2,2,2,2,09:16,09:38,2,10:29,Left,3,1,2,10:54,11:15,4,1,11:37,11:58,1,2.0,3.0,3.0,1.0,1.0,3.0,2.0,2,No,13:25,13:29,1,1.0,13:43,13:51,4,2,2,4,1,No,15:29,16:09,,00:36,,12:27; 12:37-12:43; 13:07; 14:00; 14:06; 14:22; 14:45; 15:01; 15:19,12:34,,,,,,1.0,,,14.0,9.0,1.0,
Flora,05-02-LF,1,23/05/2019,B,LRxGR,F,F,Home bred,Graham,16/03/2018,01/05/2019,20/12/2019,GD,00:23,1.0,4.0,1.0,01:20,1.0,01:28,3,1,1,2,04:17,2,3,02:30,2,2,03:47,2,3,2.0,05:00,05:14,2,,,05:51,06:20,Yes,No,No,No,No,Yes,No,No,No,No,07:12,07:52,2,2,3,6,1,2,2,6,3,4,08:22,08:39,3,09: 18,None,3,1,2,09:35,10:02,4,2,10:23,10:44,1,1.0,3.0,3.0,1.0,1.0,3.0,2.0,3,No,11:51,11:55,1,1.0,12:27,12:45,3,3,1,2,1,No,14:22,14:55,,01:05; 06:40,,09:11; 11:06-11:30; 11:40; 14:09,11:31,,,,,,1.0,,,27.0,4.0,2.0,
Ebbi,05-14-LE,1,13/06/2019,B,LRx,F,E,IGDB,Graham,12/03/2018,15/05/2019,25/10/2019,AD,00:08 ,2.0,4.0,1.0,01:09,1.0,01:14,2,2,2,2,03:19,1,4,04:22,2,4,05:29,2,2,3.0,07:50,08:01,3,No,No,08:41,08:56,Yes,Yes,No,No,No,No,Yes,Yes,No,No,09:23,09:55,1,2,2,1,1,3,2,1,1,1,10:30,10:54,2,11:33,Left,3,1,1,11:56,12:18,4,1,12:44,12:55,1,4.0,3.0,1.0,1.0,1.0,1.0,1.0,1,No,14:14,14:19,2,1.0,14:34,14:47,4,1,2,1,1,No,15:48,16:23,,00:55; 01:18; 01:34;,,na,,,,,,,,,,,,4.0,
Eliza,05-22-LE,1,18/06/2019,B,LRx,F,E,IGDB,Catherine,12/03/2019,28/05/2019,12/11/2019,W,00:11,4.0,1.0,4.0,01:13,,01:19,1,1,1,2,02:30,2,3,03:36,2,3,04:19,1,4,4.0,05:23,05:33,3,No,No,06:04,06:18,Yes,Yes,Yes,No,No,Yes,No,No,No,No,06:51,07:20,1,2,2,1,2,3,1,2,2,2,08:01,08:20,2,09:11,Right,3,1,2,09:34,09:56,3,0,10:32,10:40,1,3.0,3.0,1.0,1.0,1.0,1.0,1.0,1,No,12:11,12:13,1,1.0,12:32,12:40,4,1,1,1,1,No,13:45,14:23,,06:15,na,na,na,na,na,na,na,na,,,,,,1.0,
Herbie,07-02-LH,1,29/07/2019,B,LRxGR,M,H,IGDB,Graham,11/05/2018,02/07/2019,,GD,00:25,4.0,1.0,4.0,01:19,,01:23,2,1,2,2,02:28,1,4,03:13,2,3,04:05,3,2,3.0,05:15,05:25,2,No,No,05:57,06:17,Yes,Yes,No,No,No,Yes,No,No,No,No,07:05,07:47,1,3,2,4,4,2,1,6,3,3,08:16,08:44,3,09:08,Both,3,1,2,09:51,10:10,3,0,10:35,10:58,1,3.0,4.0,1.0,1.0,1.0,2.0,1.0,2,No,12:02,12:14,1,2.0,12:44,12:53,3,3,1,1,1,No,13:58,14:28,,01:40,,00:42; 00:55; 01:01-01:11; 05:46; 11:37,,,05:50,,,,,,,14.0,5.0,1.0,
Evie,07-03-LE,1,29/07/2020,B,LRxGR,F,E,IGDB,Rose,03/12/2018,02/07/2019,02/02/2020,GD,00:15,1.0,4.0,2.0,01:12,2.0,01:20,1,1,1,2,02:26,2,3,03:27,4,1,04:38,1,4,3.0,05:24,05:34,3,No,No,06:07,06:23,Yes,No,No,No,No,Yes,No,No,No,No,06:49,07:20,3,3,2,4,1,1,1,1,2,2,07:55,08:14,3,08:59,Right,3,2,2,09:53,10:07,4,1,10:48,10:57,1,2.0,3.0,1.0,2.0,1.0,1.0,1.0,1,No,12:05,12:11,1,1.0,12:29,12:36,4,1,1,1,1,No,13:55,14:28,,00:36,,13:40,13:49,,,,,,1.0,,,1.0,1.0,1.0,
Goober,07-01-LG,1,29/07/2019,A,LRxGR,M,G,IGDB,Graham,15/04/2018,02/07/2019,03/02/2020,GD,00:18,1.0,4.0,1.0,1:12,2.0,1:27,2,1,1,2,6:54,1,4,3:56,1,4,4:47,7,1,1.0,7:38,7:45,4,No,No,8:15,8:31,No,Yes,No,Yes,No,No,Yes,No,Yes,Yes,8:59,9:37,5,5,3,5,4,3,2,5,4,3,10:32,10:59,3,11:40,Left,3,1,2,12:05,12:29,5,1,12:50,13:12,1,1.0,2.0,3.0,1.0,1.0,3.0,1.0,3,No,14:21,14:34,2,1.0,14:49,14:55,3,2,1,2,1,No,16:00,16:38,,00:21; 12:56; 13:00,,13:28-13:30; 13:53-13:55; 14:10; 15:10,11:35,,,,,,1.0,,,6.0,4.0,3.0,
July,10-03-LJ,1,30/10/2019,A,LR,F,J,IGDB,Graham,03/07/2018,17/10/2019,08/06/2020,AD,00:00,1.0,4.0,1.0,1:11,2.0,1:23,1,2,1,2,2:33,3,2,3:27,1,4,4:33,1,4,3.0,5:35,5:43,3,No,No,6:07,6:21,Yes,No,No,No,No,Yes,No,No,No,No,6:44,7:23,3,3,1,3,2,3,1,3,2,4,7:49,8:11,4,8:40,,3,2,2,9:00,9:20,4,1,9:59,10:07,1,1.0,1.0,4.0,1.0,2.0,4.0,1.0,3,No,11:02,11:07,3,2.0,11:14,11:25,3,2,2,3,1,No,12:21,12:55,1:11; 8:21; 8:34,00:59,,10:15-10:20; 10:21-10:29; 10:34; 10:37-10:43; 10:46-10:50; 11:48-11:49; 11:57-11:59; 12:41,,,,,,,,,,28.0,8.0,1.0,3.0
Zac,07-04-LZ,1,29/07/2019,B,LR,M,Z,Private breeder,Rose,04/06/2018,02/07/2019,25/10/2019,W,00:29,2.0,4.0,1.0,01:40,3.0,02:00,2,2,1,2,05:24,1,4,03:16,1,4,03:55,5,1,2.0,06:01,06:18,4,No,No,07:08,07:38,Yes,Yes,No,No,No,Yes,No,No,No,No,08:29,09:08,5,3,3,3,2,2,2,4,2,2,09:43,10:08,4,10:54,Right,3,1,3,11:26,12:05,2,0,12:29,12:49,1,2.0,3.0,1.0,3.0,1.0,1.0,1.0,2,No,14:08,14:21,1,1.0,15:15,15:27,3,3,2,2,1,No,17:03,17:42,15:42,14:48,,15:48,,,,,,,,,,1.0,1.0,1.0,1.0
Gilli,07-15-LG,1,21/08/2019,B,LRxGR,F,G,IGDB,Frances,15/04/2018,29/07/2019,01/10/2019,W,00:11,1.0,3.0,3.0,01:16,1.0,01:22,1,2,2,2,02:21,1,4,03:16,5,1,04:20,1,4,2.0,05:35,05:45,3,No,No,06:05,06:17,No,Yes,Yes,Yes,No,No,Yes,Yes,Yes,No,06:40,07:09,4,2,2,5,1,2,2,5,2,3,07:40,07:56,3,08:41,Left,3,2,2,09:07,09:24,4,1,09:49,09:55,1,2.0,2.0,4.0,2.0,1.0,4.0,4.0,3,No,10:34,10:36,1,1.0,10:50,10:54,4,2,3,3,3,No,11:43,12:21,,Na,,10:34; 11:11; 11:18; 11:33,,10:18-10:34; 11:36,,,,,,17.0,2.0,4.0,4.0,,
Jira,08-11-LJ,1,23/09/2019,B,LR,F,J,IGDB,Frances,07/03/2018,28/08/2019,03/02/2020,GD,00:17,2.0,4.0,1.0,00:54,1.0,01:13,1,2,2,3,02:49,1,4,03:14,1,4,03:49,1,4,3.0,04:40,05:10,3,No,No,05:45,06:00,No,Yes,No,Yes,Yes,Yes,No,No,No,No,06:39,07:07,1,3,4,5,1,3,2,4,2,3,07:44,08:02,2,08:35,,2,2,1,09:18,09:43,3,0,10:08,10:20,1,1.0,2.0,4.0,2.0,1.0,2.0,4.0,3,No,11:20,11:25,3,1.0,11:39,11:51,4,1,1,2,4,No,13:02,13:39,,01:35,,10:45,10:46,10:55-11:05; 11:08-11:19; 11:51-12:10; 12:15-12:30; 12:35; 12:45-12:53,,,,,1.0,64.0,6.0,1.0,1.0,1.0,
Hayley,08-12-LH,1,23/09/2019,B,LRxGR,F,H,IGDB,Frances,11/05/2018,28/08/2019,04/12/2019,W,00:08,3.0,3.0,3.0,01:11,1.0,01:20,3,2,2,2,03:13,4,1,04:12,4,1,05:34,1,4,3.0,06:30,06:36,3,No,No,07:06,07:23,No,Yes,Yes,No,No,No,Yes,Yes,Yes,No,07:39,08:16,3,2,2,4,2,2,3,3,2,2,08:54,09:26,4,09:56,Left,3,1,2,10:39,11:07,6,2,12:07,,4,,,,,,,,3,No,,,2,,,14:30,4,1,2,3,4,No,15:20,15:50,07:31; 11:29,,,na,11:31,14:36; 14:40-14:53,,,,,1.0,14.0,2.0,,,,2.0
Jojo,08-13-LJ,1,23/09/2019,B,LR,F,J,IGDB,Frances,07/03/2018,28/08/2019,29/11/2019,AD,00:06,1.0,4.0,1.0,00:59,2.0,01:05,1,2,2,1,01:45,1,4,02:39,1,4,03:28 ,2,3,4.0,04:41,04:55,3,No,No,05:32,05:49,No,No,Yes,No,No,Yes,No,No,No,No,06:10,06:57,2,3,2,2,2,2,2,2,2,2,07:18,07:42,3,08:08,Right,3,1,1,08:37,09:10,3,0,09:31,09:40,1,2.0,1.0,3.0,1.0,1.0,3.0,3.0,3,No,10:51,,2,,na,11:06,3,4,1,1,1,No,13:33,13:59,,05:55; 11:41,,07:58; 10:20; 10:35; 10:43,10:26,,,,,,1.0,,,4.0,4.0,2.0,
Hollie,10-02-LH,1,24/10/2019,B,LRxGR,F,H,IGDB,Graham,11/05/2018,02/10/2019,26/11/2019,W,00:21,2.0,4.0,1.0,01:17,1.0,01:26,1,1,1,2,02:33,1,4,03:21,1,4,04:11,2,3,4.0,01:05 (vid 2),01:47 ,3,No,No,02:14,02:33,Yes,No,No,No,No,Yes,Yes,No,No,No,03:09,03:56,2,2,2,4,2,2,2,4,2,3,04:33,04:54,4,05:31,Right,3,1,2,05:47,07:07,7,2,07:38,,4,,,,,,,,1,No,,08:51,2,1.0,09:11,09:19,4,1,2,3,3,No,10:20,10:50,07:29; 09:36,00:15,,09:35; 09:41; 10:08,09:42; 09:47; 09:50; 09:54; 09:59; 10:03; 10:10,,,,,,7.0,,,3.0,3.0,1.0,2.0
Jane,10-04-LJ,1,24/10/2019,B,LR,F,J,IGDB,Graham,03/07/2018,02/10/2019,14/02/2020,AD,00:14,1.0,4.0,1.0,01:15,1.0,01:19,1,1,1,2,02:14,3,2,03:08,2,3,04:13,1,4,3.0,05:08,05:18,3,No,No,05:40,05:55,Yes,No,No,No,No,Yes,No,No,No,No,06:32,07:14,3,2,2,5,2,2,2,4,2,2,07:49,08:06,3,08:42,None,3,1,2,09:04,09:30,3,0,09:48,09:56,1,2.0,3.0,3.0,1.0,1.0,3.0,1.0,2,No,10:57,11:10,2,2.0,11:19,11:29,3,4,2,1,1,No,12:31,13:12,,00:35; 01:52; 12:14,,10:28-10:31,,,,,,,,,,3.0,1.0,3.0,
Diva,04-01-LD,1,20/05/2019,A,LRx,F,D,IGDB,Catherine,11/02/2018,24/04/2019,13/12/2019,GD,1:11,1.0,4.0,1.0,1:58 ,1.0,2:02,1,1,1,2,3:11,2,3,3:59,2,3,4:44,1,4,3.0,5:24,5:35,4,No,No,6:11,6:32,No,Yes,No,Yes,No,No,Yes,Yes,Yes,No,6:53,7:37,5,3,4,5,4,3,3,2,2,3,8:27,8:45,3,9:15 ,None,3,1,2,9:28,9:52,6,1,10:15,11:02,3,1.0,1.0,4.0,1.0,2.0,3.0,2.0,3,No,11:49,12:06,2,1.0,12:24, 12:33,3,2,1,2,1,No,13:41,14:20,10:26,01:44; 06:56; 10:27; 10:34,6:43; 6:50,11:14-11:16; 11:18-11:22; 11:30-11:34; 11:39; 12:55-12:58; 13:16,10:25; 11:23,11:25-11:26,,,,03:24,2.0,1.0,1.0,15.0,6.0,4.0,1.0
Mac,11-01-LM,1,18/12/2019,B,LRx,M,M,IGDB,DSM,25/08/2018,04/11/2019,03/01/2020,W,00:05,1.0,3.0,1.0,01:04,2.0,01:19,2,1,1,3,2:14,1,4,03:24,1,4,04:18,1,4,4.0,05:04,05:39,3,No,No,06:21,06:39,Yes,No,No,No,No,Yes,No,No,No,No,07:02,07:29,4,4,3,5,2,3,3,5,2,3,08:27,08:47,3,09:17,Left,3,1,2,09:28,09:43,6,1,10:08,10:12,1,3.0,3.0,1.0,1.0,1.0,1.0,1.0,1,No,11:40,11:50,1,1.0,12:08,12;15,3,3,1,1,1,No,13:26,14:16,,02:28; 06:49; 11:52,,na,,,,04:08; 11:23,,,,,,,,3.0,
Fergus,10-01-LF,1,24/10/2019,B,LR,M,F,IGDB,Graham,16/03/2018,02/10/2019,28/01/2020,AD,00:07,2.0,4.0,1.0,00:55,1.0,01:00,1,1,1,3,01:51,1,4,02:48,4,1,03:42,1,4,3.0,04:31,05:01,3,No,No,05:23,05:36,Yes,No,Yes,No,No,Yes,No,No,No,No,06:02,06:32,2,2,2,4,1,2,2,2,2,2,07:01,07:17,3,07:50,Right,3,1,2,08:09,08:28,4,1,08:50,08:57,1,4.0,1.0,1.0,1.0,1.0,1.0,1.0,1,No,10:02,10:05,3,1.0,10:22,10:25,4,3,3,1,1,No,11:46,12:22,,05:40,,11:15; 11:34,,,,,,,,,,2.0,2.0,1.0,
Eldin,05-05-LE,1,29/05/2019,B,LRx,M,E,Home bred,Rose,12/03/2018,01/05/2019,13/12/2019,GD,00:31,1.0,4.0,1.0,01:12,1.0,02:15,2,1,1,2,03:40,1,4,04:23,1,4,04:59,1,4,4.0,05:46,06:03,2,No,No,06:48,07:12,No,Yes,No,Yes,Yes,No,Yes,No,Yes,Yes,07:32,08;18,5,4,3,1,2,1,1,4,2,2,09:25,09:51,2,10:45,Both,3,1,2,11:22,11:44,4,1,12:13,12:24,1,4.0,1.0,1.0,2.0,1.0,1.0,1.0,1,No,13:36,13:37,3,1.0,14:03,14:10,4,1,3,1,1,No,15:18,15:50,,,,na,,,,,,,,,,,,,
Gav,07-12-LG,1,21/08/2019,B,LRxGR,M,G,Home bred,Rose,15/04/2018,16/06/2019,28/01/2020,AD,00:26,1.0,4.0,1.0,01:22,1.0,01:33,1,2,2,2,02:32,1,4,03:11,4,1,04:47,2,2,2.0,05:29,05:46,3,No,No,06:30,07:15,Yes,Yes,No,Yes,No,Yes,No,No,No,No,08:04,08:41,3,3,3,1,2,2,2,6,2,3,09:23,10:05,4,10:33,None,3,2,3,11:30,11:59,5,1,12:26,12:49,1,4.0,2.0,1.0,1.0,1.0,1.0,1.0,1,No,13:58,14:06,1,2.0,15:12,15:23,4,1,1,2,3,No,16:12,16:47,11:33; 15:28,00:12; 06:52,,15:48,15:51; ,15:57-16:01; 16:02-16:07,,,,,2.0,9.0,2.0,1.0,1.0,2.0,2.0
Douglas,04-03-LD,1,20/05/2019,A,LRx,M,D,IGDB,Rose,11/02/2018,24/04/2019,06/08/2019,W,1:17,2.0,3.0,2.0,2:01,1.0,2:13,1,1,1,2,3:24,2,3,4:28,1,4,5:16,1,4,3.0,5:58,6:21,4,No,No,6:48,7:00,No,Yes,No,Yes,No,No,Yes,No,Yes,No,7:16,8:13,3,3,3,5,1,2,2,4,2,4,9:02,9:50,4,10:18,Left,3,1,3,10:30,11:00,5,0,11:20,11:38,1,2.0,2.0,2.0,1.0,2.0,1.0,1.0,2,No,12:40,12:42,3,1.0,13:12,13:30,3,2,1,1,1,No,14:30,15:04,9:36; 10:16; 10:35,01:51; 07:19; 13:22,13:00,na,,,,,5:04,04:14,,,,,,3.0,3.0
Zodiac,04-04-LZ,1,20/05/2019,A,LR,M,Z,Private breeder,Rose,06/04/2018,24/04/2019,25/10/2019,GD,00:08,1.0,4.0,1.0,00:57,2.0,1:06,1,2,1,2,2:17,1,4,3:04,1,4,3:45,1,4,3.0,4: 37,4:59,3,No,No, 5:26,5:41,No,Yes,No,No,No,No,Yes,No,Yes,No,6:07,6:54,4,3,4,5,2,2,2,4,2,3,7:20,7:54,3,8:26,,3,1,2,8:45, 9:06,7,1,9:30,9:42,1,3.0,2.0,1.0,1.0,2.0,1.0,1.0,1,No,10:53,10:55,2,2.0,11:28,11:49,4,1,1,1,1,No,13:11,13:37,9:13; 9:18,11:23,5:52; 6:16,na,,,,,,,,,,,,1.0,2.0
Fargo,04-05-LF,1,23/05/2019,A,LRx,M ,F,IGDB,Graham,16/03/2018,24/04/2019,25/11/2019,GD,00:16,3.0,3.0,3.0,1:00,1.0,1:06,2,2,1,2,3:23,2,2,2:37,2,2,4:11,1,4,2.0,4:57,5:10,4,No,No,5:44,6:03,Yes,No,No,No,No,Yes,No,No,No,No,6:23,7:06,5,2,3,4,2,2,2,3,2,3,7:42,8:03,3,8:31,Right,3,1,2,8:47,9:17,5,0,9:35,9:59,1,3.0,2.0,1.0,1.0,2.0,1.0,1.0,1,No,11:07,11:08,2,1.0,11:35,11:55,4,1,1,1,1,No,13:25,14:15,1:43,11:40,10:33,na,,,,03:17,00:16-00:20,,,,,,,1.0,1.0
Gretel,07-14-LG,1,21/08/2019,A,LRxGR,F,G,IGDB,Catherine,15/04/2018,21/07/2019,29/11/2019,AD,0:25,1.0,4.0,1.0,1:07,1.0,1:14,2,2,1,2,2:15,1,4,3:09,2,3,4:00,2,3,3.0,5:06,5:58,3,No,No,6:18,6:31,Yes,Yes,No,No,No,No,Yes,No,Yes,No,7:03,7:35,5,3,4,5,2,3,2,5,3,3,8:12,8:32,4,9:04,None,3,2,2,9:26,9:46,4,1,10:00,10:19,1,1.0,1.0,3.0,3.0,2.0,1.0,3.0,2,No,11:26,11:28,1,1.0,11:31,11:58,3,2,2,1,1,No,12:55,13:27,8:59; 12:14; 12:15; 12:16; 11:21; 12:37,5:41; 6:51; 9:59,,na,,11:05-11:14; 11:16-11:19,,,,,,12.0,2.0,,,3.0,6.0
Junior,10-11-LJ,1,06/11/2019,B,LR,M,J,IGDB,Rose,03/07/2018,07/10/2019,27/07/2020,GD,00:16,2.0,4.0,1.0,01:13,1.0,01:16,2,1,1,2,02:19,1,4,03:15,2,3,04:20,3,2,3.0,05:10,05:18,3,No,No,05:47,06:00,Yes,Yes,No,No,No,Yes,No,No,No,No,06:30,06:57,2,2,2,5,1,2,2,2,2,3,07:28,07:46,3,08:11,,1,1,1,08:31,08:49,4,0,09:29,09:53,1,3.0,2.0,1.0,1.0,1.0,1.0,1.0,1,No,11:05,11:15,3,1.0,11:28,11:44,4,2,2,1,1,No,13:03,13:35,00:21; 11:23-11:25,00:25; 11:12; 11:24,,na,,,,,,,,,,,,3.0,2.0
Kelvin,10-13-LK,1,01/11/2019,B,LRxGR,M,K,IGDB,Rose,02/08/2018,07/10/2019,22/06/2020,GD,00:26,1.0,4.0,1.0,01:09,1.0,01:11,2,2,2,2,02:43,1,4,03:36,2,3,04:51,2,3,2.0,05:48,06:01,3,No,No,06:25,06:49,No,Yes,No,Yes,No,No,Yes,No,Yes,Yes,07:30,08:13,6,3,4,2,5,3,2,1,3,3,09:00,09:27,3,10:10,Left,3,1,2,10:34,10:56,5,1,11:30,11:37,1,1.0,2.0,4.0,1.0,1.0,2.0,4.0,3,No,12:48,12:57,3,1.0,13:11,13:20,4,1,3,2,4,No,14:32,15:19,,,,08:30,12:10; 13:33; 13:54,12:16-12:36; 13:44-13:49; 14:02-14:08; 14:15; 14:21; 14:25,,,,,3.0,34.0,6.0,1.0,1.0,,
Kain,11-11-IK,1,18/12/2019,B,LRxGR,M,K,IGDB,Mags,02/08/2019,12/11/2019,15/07/2020,AD,00:07,1.0,4.0,1.0,01:06,1.0,01:12,2,2,2,2,02:00,1,4,03:02,2,3,04:06,1,4,4.0,05:08,05:20,3,No,No,06:00,06:20,No,Yes,Yes,Yes,No,No,Yes,Yes,Yes,No,06:38,07:17,6,1,2,4,1,3,2,4,3,3,08:42,09:08,4,09:41,Both,3,1,2,10:02,10:29,4,0,10:54,11:07,1,3.0,1.0,3.0,1.0,1.0,3.0,1.0,2,No,12:15,12:22,1,1.0,12:41,12:54,4,1,1,2,3,No,14:37,15:24,,00:03; 00:38; 12:03,,11:53; 11:46; 13:55,14:19; 14:27,14:05-14:11,,,,,2.0,6.0,1.0,3.0,3.0,3.0,
Kacie,10-31-LK,1,14/11/2019,A,LRxGR,F,K,IGDB,Graham,02/08/2018,24/10/2019,08/06/2020,AD,0:08,1.0,4.0,1.0,1:06,1.0,1:14,2,1,1,2, 2:33,2,3,3:34,1,4,4:10,1,4,3.0,5:19,5:34,4,No,No,5:57,6:07,No,Yes,No,Yes,No,No,Yes,No,Yes,No,6:22,7:16,3,3,2,2,4,5,3,2,3,3,7:41,8:19,4,8:52,None,3,2,2,9:20,9:41,3,0,10:13,10:27,1,2.0,2.0,3.0,1.0,1.0,1.0,3.0,2,No,11:42,11:45,1,1.0,11:52,12:01,4,1,1,1,3,No,12:55,13:26,8:16,06:20,4:06; 4:26,08:24-08:26; 08:33; 08:38-08:40,10:42; 10:44; 10:46; 10:51,12:18-12:20; 12:24-12:26; 12:33-12:34; 12:38-12:40; 12:42-12:44; 12:47-12:50,,,,,4.0,12.0,6.0,5.0,3.0,1.0,1.0
Harry,08-01-LH,1,18/09/2019,A,LRxGR,M,H,IGDB,Rose,11/05/2018,21/08/2019,29/11/2019,AD,00:15,2.0,3.0,2.0,1:05,1.0,1:14,1,1,1,2,2:15,1,4,2:54,2,3,3:57,2,3,3.0,4:58,5:41,3,No,No,5:58,6:08,Yes,Yes,No,No,No,Yes,Yes,No,No,No,6:44,7:18,2,2,3,4,4,2,2,4,2,3,7:55,8:10,3,8:52,Right,3,1,2,9:23,9:46,5,2,10:02,10:15,1,3.0,2.0,1.0,1.0,2.0,1.0,1.0,1,No,11:23,11:25,1,1.0,11:33,11:40,2,3,1,1,1,No,12:35,13:03,,00:32,na,na,,,,,,02:45,,,,,,1.0,
Harvey,08-02-LH,1,18/09/2019,A,LRxGR,M,H,IGDB,Rose,11/05/2018,21/08/2019,28/01/2020,AD,0:07,1.0,4.0,1.0,1:01,1.0,1:07,1,2,1,2,1:55,1,4,2:52,1,3,3:26,1,4,3.0,4:09,4:58,3,No,No,5:15,5:29,Yes,Yes,No,No,No,Yes,No,No,No,No,6:00,6:33,3,3,3,4,2,2,2,4,3,3,6:59,7:13,3,7:48,Right,3,1,2,8:10,8:33,5,2,8:47,8:53,1,4.0,2.0,1.0,1.0,2.0,1.0,1.0,1,No,10:00,10:02,2,1.0,10:09,10:16,3,3,1,1,1,No,11:14,11:38,,01:19,na,na,,,,,,,,,,,,1.0,
Harmony,08-04-LH,1,18/09/2019,A,LRxGR,F,H,IGDB,Diana,11/05/2018,21/08/2019,29/11/2019,AD,00:08,2.0,3.0,2.0,0:59,,1:02,1,1,1,3,1:49  ,1,4,2:45,1,4,3:35,2,3,3.0,4:58,5:06,4,No,No,5:25,5:36,Yes,No,No,No,No,Yes,Yes,No,No,No,6:01,6:46,1,2,2,4,3,2,2,4,2,2,7:11,7:26,4,7:59,None,3,1,2,8:34,8:50,4,0,9:11,9:17,1,4.0,2.0,1.0,1.0,1.0,1.0,1.0,1,No,10:18,10:20,1,1.0,19:26,10:33,3,2,1,1,1,No,11:34,12:02,7:23; 7:24; 7:45; 7:54,,na,na,,,,,,,,,,,,,4.0
Katie,11-21-IK,1,12/12/2019,A,LRxGR,F,K,IGDB,Mags,02/08/2018,19/11/2019,08/06/2020,AD,0:00,1.0,4.0,1.0,00:40,1.0,00:45,1,2,2,1,1:32,2,3,2:26,2,3,2:55,1,4,2.0,3:17,3:38,3,No,No,3:56,4:08,No,Yes,No,Yes,No,Yes,No,No,No,No,4:27,5:10,3,3,2,4,2,3,2,4,3,4,5:29,5:43,4,6:18,,3,2,2,6:33,6:57,4,1,7:16,7:32,1,2.0,2.0,3.0,1.0,1.0,2.0,1.0,2,No,08:26,08:32,1,1.0,8:33,12:46,3,2,1,2,1,No,13:45,14:06,5:51; 13:17,00:38; 01:02; 04:00; 04:16,na,06:15-06:18; 07:51-07:55; 07:58-08:00; 10:30; 10:35,6:14,,,,,,1.0,,,11.0,5.0,4.0,2.0
Tosh,11-23-IT,1,12/12/2019,A,GR,M,T,GDUK,Mags,25/09/2018,19/11/2019,20/01/2020,W,0:00,1.0,3.0,2.0,0:53,,0:56,2,2,1,3,2:21,1,4,3:16,2,3,4:46,1,4,3.0,5:55,6:10,3,No,No,6:29,6:41,Yes,No,No,No,No,Yes,No,No,No,No,7:05,7:34,2,2,2,2,2,2,2,2,1,1,7:57,8:25,3,8:53,Left,3,1,2,9:05,9:25,3,0,10:00,10:26,2,1.0,3.0,1.0,1.0,2.0,1.0,1.0,1,No,11:39,11:41,1,2.0,11:47,11:57,2,3,1,1,1,No,13:43,14:17,,01:10; 11:48,na,na,,,,,,,,,,,,2.0,
Jessie,11-25-IJ,1,13/12/2019,A,LRxGR,F,J,IGDB,Graham,03/07/2018,20/11/2019,31/07/2020,GD,00:07,2.0,3.0,2.0,0:50,1.0,0:57,1,1,1,2,1:56,5,1,2:51,5,1,3:49,3,2,2.0,5:10,5:25,3,No,No,5:59,6:18,Yes,Yes,No,No,No,Yes,No,No,No,No,6:51,7:25,1,3,2,3,1,2,2,2,2,2,7:53,8:12,3,8:50,,3,2,2,9:23,9:38,5,1,10:15,10:36,1,1.0,2.0,3.0,1.0,2.0,2.0,1.0,3,No,11:37,11:55,1,1.0,11:56,12:27,3,3,1,1,1,No,13:46,14:36,,,na,11:10; 11:20-11:25,,,,13:23-13:26,,04:04,,,,6.0,2.0,,
Effie,07-13-LE,1,21/08/2019,A,LRxGR,F,E,IGDB,Graham,12/03/2018,30/07/2019,03/02/2020,GD,0:10,3.0,3.0,3.0,1:07,1.0,1:12,1,1,1,2,2:57,6,1,5:34,1,3,6:13,3,2,2.0,7:50,7:57,4,No,No,8:23,8:35,No,Yes,No,No,No,No,Yes,No,Yes,Yes,8:56,9:41,1,3,3,4,1,2,3,3,2,2,10:06,10:24,3,10:59,Left,3,1,1,11:22,`11:35,5,0,11:58,12:23,1,1.0,2.0,4.0,1.0,1.0,1.0,3.0,2,No,13:25,13:27,2,1.0,13:35,13:48,3,2,1,1,2,No,14:56,15:33,2:52; 15:01,01:28; 08:30,na,na,12:56; 14:08; 14:12; 14:14; 14:16,12:59-13:04; 13:07-13:08; 13:14-13:17; 14:01-14:02,,,05:51-05:54,,5.0,10.0,4.0,,,2.0,2.0
Idris,10-14-LI,1,06/11/2019,A,LRxGR,M,I,IGDB,Mags,28/06/2018,17/10/2019,12/02/2020,W,0:12,3.0,2.0,3.0,1:09,1.0,1:17,1,1,1,2,2:07,2,3,3:07,4,2,4:07,1,4,3.0,4:49,4:54,3,No,No,5:40 ,5:55,No,Yes,No,Yes,No,Yes,No,No,No,No,6:27,6:54,2,3,3,4,2,1,2,3,2,2,7:29,7:45,3,8:35,,3,2,2,9:07,9:28,6,0,10:04,10:15,1,2.0,3.0,1.0,1.0,2.0,1.0,1.0,1,No,11:28,11:32,2,1.0,11:49,12:01,4,1,1,1,1,No,12:44,13:42,11:58; 11:59; 12:34; 13:14,01:21,na,na,,,,,,,,,,,,1.0,4.0
Irrie,09-01-LI,1,02/10/2019,A,LRxGR,F,I,IGDB,Frances,28/06/2018,04/09/2019,27/07/2020,GD,0:23,1.0,4.0,1.0,1:02,3.0,1:53,2,2,2,2,5:43,1,4,3:13,5,1,4:28,3,2,3.0,6:44,6:58,4,No,No,7:45,8:01,Yes,No,No,No,No,Yes,No,No,No,No,8:34,9:38,6,4,3,2,2,3,2,4,3,3,10:23,10:59,3,11:56,None,3,1,2,10:52,13:15,6,0,13:50,14:06,1,2.0,2.0,1.0,2.0,2.0,1.0,1.0,1,No,15:48,16:01,2,1.0,16:58,17:13,2,3,1,1,1,No, 0:50,1:46,,01:15; 05:56; 06:39; 10:14; 15:53,na,na,,,,,,03:55; 05:37; 15:03,,,,,,5.0,
Judson,09-02-LJ,1,02/10/2019,A,LR,M,J,IGDB,Frances,07/03/2018,04/09/2019,08/06/2020,GD,0:23,1.0,4.0,1.0,1:20,1.0,1:33,2,2,1,2,4:54,4,2,3:05,3,2,4:01,1,4,3.0,6:39,6:54,2,No,Yes,8:00, 8:17,Yes,Yes,No,No,No,Yes,No,No,No,No,9:04,9:43,2,3,2,5,3,3,2,4,3,3,10:14,10:32,3,11:20,None,3,2,2,12:12,12:40,5,0,13:10,13:20,1,2.0,3.0,1.0,1.0,1.0,1.0,1.0,1,No,14:50,14:53,2,1.0,15:32,15:43,4,1,1,1,3,No,17:29,0:44,,01:33; 08:07; 08:26; 14:55; 15:09,na,na,10:52; 16:14; 16:56; 16:58; 17:07; 17:12; 17:24; 17:26,,,,,9:21,8.0,,,,,5.0,
Josie,09-03-LJ,1,02/10/2019,A,LR,F,J,Home bred,Diana,03/07/2018,04/09/2019,17/08/2020,GD,0:25,1.0,4.0,1.0,1:37,1.0,1:47,1,1,1,2,3:14,9,1,6:28,6,1,5:06,2,3,3.0,7:42,7:48,4,No,No,8:25,8:42,No,Yes,No,Yes,No,No,No,Yes,No,No,9:10,9:51,1,3,3,1,2,2,2,1,2,2,10:17,10:43,3,11:33,None,3,2,2,12:09,12:40,5,1,13:02,13:10,1,1.0,2.0,3.0,1.0,2.0,1.0,3.0,3,No,14:51,15:00,3,1.0,15:51,16:02,4,1,2,1,3,No,17:33,0:28,2:24; 16:00; 16:08; 16:43,01:16; 02:34; 09:05; 14:59; 15:53,na,na,11:13; 11:15; 13:52; 13:54; 13:56; 14:10,13:58-14:02; 14:03-14:09; 14:12-14:15; 14:31-14:40; 16:41-16:42; 16:46-16:48; 16:50-16:56; 16:54- 17:00; 17:16-17:24; 17:27-17:31,,,,03:18; 05:14; 06:15,6.0,49.0,10.0,,,5.0,4.0
Jazzi,09-04-LJ,1,02/10/2019,A,LR,F,J,Home bred,"Rose, Diana",03/07/2018,04/09/2019,27/07/2020,GD,0:12 ,1.0,4.0,1.0,1:10,1.0,1:21,1,1,1,2,2:09 ,6,1,2:50 ,4,2,3:51,4,2,2.0,5:10,5:16,4,No,No, 5:48,6:12,Yes,No,No,No,No,Yes,No,No,No,No,7:08,7:34,4,2,3,1,5,3,2,4,3,3,8:06,8:23,3,9:16,Right,3,2,2,9:48,10:15,4,1,10:51,11:02,1,4.0,1.0,1.0,1.0,1.0,1.0,1.0,1,No,0:41,0:46,3,1.0,11:18,11:34,4,1,1,1,1,No,2:55,3:24,1:42,0:29; 6:03,na,na,9:02,,,,,,1.0,,,,,2.0,1.0
Joy,10-12-LJ,1,01/11/2019,B,LR,F,J,IGDB,Rose,03/07/2018,07/10/2019,08/06/2020,GD,00:14,1.0,4.0,1.0,01:02,1.0,01:08,2,1,1,2,02:40,2,3,03:44,2,3,04:30,2,3,2.0,05:23,05:31,4,No,Yes,05:56,06:13,Yes,Yes,No,No,No,Yes,Yes,No,No,No,06:50,07:22,2,2,3,5,1,1,1,3,2,3,07:53,08:07,3,09:36,,3,1,1,10:05,10:22,5,1,10:46,11:01,1,1.0,1.0,4.0,1.0,1.0,2.0,4.0,4,No,12:14,12:18,1,1.0,12:35,12:43,4,1,3,1,1,No,14:10,14:56,na,00:30; 13:35,na,11:51; 13;36,03:14; 08:33,08:51-09:34; 11:16-12:07,na,na,na,na,2.0,94.0,2.0,3.0,3.0,2.0,
Illana,11-27-II,1,18/12/2019,B,LRx,F,I,IGDB,DSM,28/06/2018,18/11/2019,15/07/2020,AD,00:09,1.0,4.0,1.0,01:00,1.0,01:11,2,1,1,2,02:04,2,3,02:56,5,1,04:35,4,1,1.0,05:45,05:54,3,No,No,06:35,06:47,Yes,Yes,No,No,No,Yes,No,No,No,No,07:16,07:57,6,3,3,4,6,1,1,4,2,3,09:21,09:50,3,10:19,,3,1,2,10:31,11:28,4,2,11:47,12:01,1,3.0,2.0,1.0,2.0,1.0,1.0,1.0,1,No,13:26,13:39,1,1.0,14:04,14:21,4,3,2,1,1,No,15:25,,na,00:56; 13:38,na,na,na,na,na,na,na,na,,,,,,2.0,
Milo,12-03-LM,1,09/01/2020,B,LR,M,M,IGDB,Rose,25/08/2018,09/12/2019,,AD,00:04,1.0,3.0,3.0,01:23,1.0,01:26,1,1,1,3,02:26,2,3,03:30,4,1,04:50,1,4,3.0,05:39,05:50,3,No,No,06:12,06:31,Yes,No,No,No,No,Yes,Yes,No,No,No,07:13,08:04,3,3,3,4,1,2,2,1,2,3,08:37,08:54,3,09:27,Both,3,1,2,10:04,10:23,5,0,10:55,11:24,1,4.0,3.0,1.0,1.0,1.0,1.0,1.0,1,No,12:34,12:38,2,1.0,12:47,12:56,4,3,2,1,1,No,14:06,14:38,04:47,00:43; 10:56,na,na,na,na,na,na,na,na,,,,,,2.0,1.0
Kaiser,11-24-IK,1,13/12/2019,B,LRxGR,M,K,IGDB,Graham,02/08/2018,20/11/2019,20/07/2020,GD,00:10,2.0,3.0,1.0,00:53,1.0,01:02,3,3,2,2,05:20,1,4,02:20,5,1,04:02,4,1,1.0,05:49,05:54,3,No,No,06:28,06:44,No,Yes,No,Yes,No,No,Yes,No,Yes,Yes,07:10,07:42,5,3,6,5,2,2,2,5,4,3,08:21,08:43,4,09:55,None,3,2,3,10:30,11:11,6,1,11:29,11:52,2,3.0,3.0,1.0,1.0,1.0,2.0,1.0,2,No,13:19,13:35,1,2.0,14:07,14:13,3,3,1,1,1,No,15:22,16:05,09:10; 09:43,01:07; 08:01; 15:15,na,00:24; 04:25; 09:00; 09:09; 12:39,03:12; 04:14; 04:17; 04:21; 04:29; 04:36; 04:40; 04:46; 09:34; 09:38-09:40,05:07-05:11,na,na,na,na,10.0,4.0,1.0,5.0,5.0,3.0,2.0
Kirby,10-15-LK,1,01/11/2019,B,LRxGR,M,K,IGDB,Mags,02/08/2018,09/10/2019,20/07/2020,AD,00:19,2.0,4.0,1.0,01:13,1.0,01:20,1,1,1,3,02:50,2,3,04:04,1,4,04:43,1,4,4.0,05:50,06:04,3,No,No,06:25,06:45,Yes,No,No,No,No,Yes,Yes,No,No,No,07:13,08:09,1,2,3,4,2,2,2,3,2,3,08:48,09:02,3,09:44,None,3,2,2,10:10,10:39,3,0,11:23,11:31,1,4.0,3.0,1.0,1.0,1.0,1.0,1.0,1,No,12:38,12:46,1,2.0,13:14,13:23,4,1,2,1,3,No,14:43,15:27,na,01:59,na,na,13:49; 13:54; 14:01,na,na,01:00,na,na,3.0,,,,,1.0,
Mara,11-12-IM,1,18/12/2019,B,LRxGR,F,M,IGDB,Mags,25/08/2018,12/11/2019,03/01/2020,W,00:04,2.0,4.0,1.0,01:18,1.0,01:24,2,2,2,2,02:22,1,4,03:09,3,3,04:16,1,4,4.0,05:21,06:00,3,No,No,06:51,07:08,Yes,No,No,No,No,Yes,No,No,No,No,07:29,07:56,3,3,2,4,2,3,3,3,2,3,08:53,09:12,3,09:47,,3,1,2,09:57,10:33,5,1,10:50,10:59,1,4.0,2.0,1.0,1.0,1.0,1.0,1.0,1,No,12:47,12:53,1,1.0,13:05,13:20,3,3,2,1,1,No,14:44,15:31,na,01:07; 07:00; 10:05; 13:12,na,na,na,na,na,13:25; 13:34,na,na,,,,,,4.0,
Meg,11-22-IM,1,12/12/2019,B,LRxGR,F,M,IGDB,Mags,25/08/2018,19/11/2019,31/01/2020,W,07:27,3.0,3.0,3.0,08:04,1.0,08:08,1,1,1,3,09:25,1,4,10:47,1,4,na,0,1,3.0,13:04,13:15,3,No,No,13:45,14:02,Yes,No,No,No,No,Yes,Yes,No,No,No,14:24,15:00,3,2,2,2,1,3,2,2,2,2,15:24,15:43,3,16:16,None,3,2,2,16:34,16:52,3,0,17:17,17:29,1,,,,,,,,1,No,na,na,2,,na,na,1,1,1,1,1,No,na,na,na,00:06; 02:54,na,na,na,na,na,na,na,09:18,,,,,,2.0,
Lexie,11-26-IL,1,12/12/2019,B,LR,F,L,IGDB,DSM,17/08/2018,19/11/2019,20/07/2020,AD,00:09,1.0,4.0,1.0,01:09,1.0,01:14,2,2,2,3,02:20,1,4,03:20,2,4,04:16,1,4,4.0,05:26,na,3,,,na,05:32,Yes,No,No,No,No,Yes,No,No,No,No,05:59,06:38,3,3,2,1,1,2,1,1,1,1,06:59,07:27,3,07:48,None,3,2,3,08:23,09:28,3,0,09:54,10:04,1,4.0,2.0,1.0,1.0,1.0,1.0,1.0,1,No,11:15,11:25,3,1.0,11:31,11:37,3,3,2,1,1,No,13:16,13:44,06:44; 11:25; 11:29,00:25; 09:12; 12:15,na,na,na,na,na,na,na,na,,,,,,3.0,3.0
Kali,12-01-LK,1,09/01/2020,B,LRxGR,F,K,IGDB,Graham,02/08/2019,11/12/2019,29/06/2020,GD,00:01,1.0,4.0,1.0,01:00,1.0,01:13,2,1,2,2,02:04,1,4,03:05,5,1,03:51,1,4,2.0,04:46,04:55,3,No,Yes,05:35,05:52,No,No,Yes,No,No,Yes,No,No,No,No,06:15,07:14,3,3,3,1,1,3,2,1,1,1,07:46,08:08,3,08:09,Left,3,2,1,08:48,09:15,4,1,09:33,09:51,1,4.0,2.0,1.0,1.0,1.0,1.0,1.0,1,No,11:05,11:08,3,1.0,11:26,11:35,3,3,3,1,1,No,12:41,13:20,06:15,00:38; 05:55,na,na,na,na,na,na,na,na,,,,,,2.0,1.0
Minnie,12-02-LM,1,09/01/2020,B,LR,F,M,IGDB,Rose,25/08/2018,09/12/2019,21/07/2020,GD,00:18,1.0,4.0,1.0,01:41,1.0,01:45,2,1,1,2,02:50,1,4,03:38,2,3,04:44,2,3,2.0,05:30,05:39,2,No,No,06:08,06:23,No,Yes,No,Yes,Yes,Yes,Yes,No,No,No,06:49,07:27,6,3,3,4,1,2,2,2,2,3,08:11,08:31,3,08:57,Both,3,1,4,10:02,10:25,3,0,10:46,11:00,1,2.0,2.0,3.0,3.0,1.0,3.0,1.0,3,No,12:13,12:18,3,1.0,12:23,12:33,4,3,2,1,1,No,14:26,14:55,01:37,01:13; 06:54; 12:23,na,11:21; 11:27; 11:52; 12:06,na,na,na,na,na,na,,,,4.0,4.0,3.0,1.0
