Name,Code,Data Collection Number,Data Collection Date,Assessor,Breed,Sex,Litter,Source,DOB,DOA,End Date,Duration,Status,Label,Outcome,BT Start,BT Duration,Familiarisation-Response [Oriented to Handler],Familiarisation-Response [Exploration],Familiarisation-Response [Waiting],Call Back-Response,Walking-Distractibility,Walking-Pull on leash,Walking-Pull strength,Walking-Initiative,Standing-Response,Sitting-Response,Lying-Response,Lying-Settled,Body check-Table,Body check-Response,Body check-General [Mouths],Body check-General [Licks],Tea Towel-First Response [Indifferent],Tea Towel-First Response [Change from Neutral],Tea Towel-First Response [Turns head],Tea Towel-First Response [Attempts to/Removes towel by moving],Tea Towel-First Response [Attempts to/Removes towel with mouth],Tea Towel-First Response [Plays],Tea Towel-Second Response [Indifferent],Tea Towel-Second Response [Turns head],Tea Towel-Second Response [Change from Neutral],Tea Towel-Second Response [Attempts to/Removes towel by moving],Tea Towel-Second Response [Attempts to/Removes towel with mouth],Tea Towel-Second Response [Plays],Distractions-First Response [Teddy],Distractions-First Response [Human],Distractions-First Response [Car],Distractions-First Response [Food],Distractions-Second Response [Teddy],Distractions-Second Response [Human],Distractions-Second Response [Car],Distractions-Second Response [Food],Distractions-Pull on leash,Distractions-Pull strength,Distractions-Human,Kong-Presentation-Response,Behaviour description,Kong-Interaction-Lateralisation,Kong-Interaction-Response to stimulus,Kong-Interaction-Response to handler,Kong-Interaction-Back,Kong-Return-Handler,Dog-Response,Dog-Call Back Response,Crate-Entering,Crate-Behaviours [Settled],Crate-Behaviours [Sniffing/Exploring ],Crate-Behaviours [Actively Seeking Attention],Crate-Behaviours [Digging],Crate-Behaviours [Nudging Crate],Crate-Behaviours [Pawing],Crate-Behaviours [Whining],Crate-Behaviours [Barking],Crate-Self-Modulation,Crate-Stress,Crate-Urinating,Petting-Handler-Stimulus,Petting-Handler-Holding dog,Petting-Confidence-During,Petting-Responsiveness-After,Isolation-Response [Time oriented],Isolation-Response [Exploration],Isolation-Response [Unsettled/Pacing],Isolation-Response [Whining],Isolation-Response [Barking],Isolation-Urinating,Reunion-Response,Noise-Confidence,S-Walking-Pull_mean,S-Walking-Pull_prod,S-Distractions-Pull_mean,S-Distractions-Pull_prod,S-Walking-Distractions-Pull_mean,S-Walking-Distractions-Pull_prod,S-Familiarisation-Handler_mean,S-Familiarisation-Handler_prod,S-Call-Response_mean,S-Call-Response_prod,S-Familiarization-Dog-Call,S-Obedience_mean,S-Obedience_prod,S-Sensitivity_mean,S-Sensitivity_prod,S-Tea Towel-First Response,S-Tea Towel-Second Response,S-Distractions-First Response_mean,S-Distractions-First Response_prod,S-Distractions-Second Response_mean,S-Distractions-Second Response_prod,S-Distractions-Difference_mean,S-Kong-Response_mean,S-Kong-Response_prod,S-Dog-Distraction_mean,S-Dog-Distraction_prod,S-Crate-Response_mean,S-Crate-Response_prod,S-Crate-Stimulus_mean,S-Crate-Stimulus_prod,S-Crate-Handler_mean,S-Crate-Handler_prod,S-Petting-Stimulus-During_mean,S-Petting-Stimulus-During_prod,S-Petting-Engagement-During_mean,S-Petting-Engagement-During_prod,S-Petting-After_mean,S-Petting-After_prod,S-Isolation-Handler_mean,S-Isolation-Handler_prod,S-Isolation-Stimulus,S-Sociability_mean,S-Sociability_prod
Earl,04-02-LE,1,2019-05-20,B,LRx,M,E1,IGDB,2018-03-12,2019-04-24,2019-11-29,219 days,AD,1.0,Success,15:28:25,0:15:18,5.0,1.0,1.0,,1.0,2.0,1.0,3.0,3.0,4.0,2.0,2.0,,3.0,No,No,No,Yes,Yes,Yes,Yes,No,No,No,Yes,No,No,No,1,3,4,1,4,3.0,3.0,4.0,3.0,2.0,4.0,2.0,"dog sat and waited, looked away once",Left,3.0,1.0,1.0,2.0,4.0,1.0,1.0,2.0,3.0,1.0,1.0,2.0,1.0,1.0,1.0,2.0,2.0,Yes,1.0,1.0,3.0,4.0,2.0,3.0,1.0,1.0,1.0,No,4.0,4.0,1.5,2.0,2.5,6.0,1.0,4.0,3.0,5.0,1.0,1.0,,3.0,24.0,1.0,0.0,2.5,0.5,2.25,12,3.5,144.0,1.25,2.0,12.0,2.5,4.0,2.0,12.0,1.75,6.0,1.0,1.0,2.0,3.0,2.0,3.0,2.5,4.0,1.3333333333333333,2.0,2.0,3.6666666666666665,48.0
Earl,04-02-LE,2,2019-07-03,B,LRx,M,E1,IGDB,2018-03-12,2019-04-24,2019-11-29,219 days,AD,1.0,Success,14:34:35,0:16:56,4.0,2.0,1.0,2.0,1.0,1.0,1.0,3.0,4.0,2.0,1.0,2.0,2.0,3.0,No,No,No,Yes,No,No,No,No,No,No,Yes,No,No,No,1,3,4,3,3,3.0,3.0,3.0,2.0,2.0,4.0,2.0,settled,Left,3.0,1.0,2.0,2.0,4.0,1.0,1.0,2.0,3.0,1.0,1.0,1.0,1.0,1.0,1.0,2.0,2.0,No,1.0,1.0,3.0,4.0,4.0,1.0,1.0,1.0,1.0,No,4.0,4.0,1.0,1.0,2.0,4.0,1.0,3.0,2.5,4.0,1.5,2.0,1.0,2.333333333333333,8.0,1.25,0.0,0.5,0.5,2.75,36,3.0,81.0,0.25,2.25,24.0,2.5,4.0,2.0,12.0,1.5,3.0,1.0,1.0,2.0,3.0,2.0,3.0,2.5,4.0,2.0,4.0,0.0,3.6666666666666665,48.0
Douglas,04-03-LD,1,2019-05-20,A,LRx,M,D1,IGDB,2018-02-11,2019-04-24,2019-08-06,104 days,W,0.0,Fail,13:36:29,0:15:12,2.0,4.0,2.0,1.0,2.0,1.0,1.0,2.0,2.0,4.0,3.0,1.0,3.0,3.0,No,No,No,Yes,Yes,Yes,Yes,No,No,Yes,Yes,No,Yes,No,4,3,3,6,1,2.0,2.0,6.0,3.0,3.0,6.0,5.0,"Attempted to get the kong as soon as handler had it in her hands, sat very fixated on kong, jumping up at handler toward end, and very eager throughout the concentration phase ",Both,4.0,1.0,3.0,3.0,6.0,1.0,1.0,2.0,2.0,1.0,1.0,1.0,2.0,3.0,1.0,3.0,3.0,No,1.0,1.0,4.0,5.0,3.0,2.0,1.0,2.0,1.0,No,4.0,4.0,1.0,1.0,3.0,9.0,2.0,8.0,2.0,4.0,1.0,1.0,0.0,3.0,24.0,1.5,0.0,2.5,1.8333333333333333,4.0,216,2.75,24.0,-1.25,3.75,180.0,3.5,6.0,2.5,27.0,1.5,4.0,1.6666666666666667,3.0,2.5,4.0,2.5,4.0,3.0,5.0,2.0,6.0,1.0,4.333333333333333,80.0
Douglas,04-03-LD,2,2019-07-04,A,LRx,M,D1,IGDB,2018-02-11,2019-04-24,2019-08-06,104 days,W,0.0,Fail,14:31:54,0:17:35,1.0,5.0,1.0,1.0,2.0,1.0,1.0,2.0,4.0,3.0,1.0,1.0,2.0,3.0,No,No,No,Yes,Yes,No,Yes,No,No,Yes,Yes,Yes,Yes,No,3,2,3,6,2,2.0,3.0,6.0,4.0,4.0,4.0,5.0,"Overly excited, mouthing at and jumping at handler for the kong. Eager to receive and struggles to maintain composure",Both,4.0,3.0,5.0,4.0,6.0,2.0,2.0,3.0,1.0,1.0,1.0,1.0,1.0,1.0,1.0,1.0,2.0,No,1.0,1.0,3.0,4.0,3.0,2.0,1.0,1.0,1.0,No,4.0,4.0,1.0,1.0,4.0,16.0,3.0,15.0,1.0,1.0,1.5,2.0,-1.0,2.6666666666666665,12.0,1.25,0.0,1.8333333333333333,2.5,3.5,108,3.25,72.0,-0.25,4.5,400.0,4.0,12.0,1.75,8.0,1.0,1.0,1.0,1.0,2.0,3.0,2.0,3.0,2.5,4.0,1.6666666666666667,3.0,1.0,3.6666666666666665,48.0
Emmy,04-08-LE,1,2019-06-18,B,LRx,F,E1,IGDB,2018-03-12,2019-04-24,2019-08-19,117 days,W,0.0,Fail,14:24:05,0:16:39,3.0,3.0,2.0,1.0,1.0,1.0,1.0,4.0,1.0,2.0,4.0,3.0,,3.0,No,No,No,Yes,Yes,Yes,Yes,Yes,No,Yes,Yes,Yes,Yes,Yes,4,3,3,4,3,3.0,3.0,3.0,2.0,2.0,4.0,2.0,"took a while to sit, then stands, then dog walks away eventually towards the end for a little while handler encourages back with treat",Left,3.0,1.0,1.0,2.0,5.0,2.0,2.0,2.0,3.0,3.0,1.0,1.0,1.0,3.0,2.0,3.0,3.0,No,1.0,1.0,3.0,4.0,3.0,2.0,1.0,3.0,1.0,No,4.0,4.0,1.0,1.0,2.0,4.0,1.0,3.0,2.5,6.0,1.5,2.0,-1.0,2.333333333333333,8.0,1.0,0.0,3.5,3.5,3.5,144,3.0,81.0,-0.5,2.0,12.0,3.5,10.0,2.75,54.0,1.5,3.0,2.6666666666666665,18.0,2.0,3.0,2.0,3.0,2.5,4.0,2.333333333333333,9.0,1.0,3.6666666666666665,48.0
Emmy,04-08-LE,2,2019-08-12,B,LRx,F,E1,IGDB,2018-03-12,2019-04-24,2019-08-19,117 days,W,0.0,Fail,14:21:07,0:17:43,2.0,4.0,1.0,1.0,1.0,1.0,1.0,4.0,4.0,4.0,4.0,3.0,2.0,3.0,No,No,No,Yes,Yes,Yes,No,No,No,Yes,Yes,Yes,No,No,1,4,4,3,2,3.0,2.0,2.0,1.0,1.0,4.0,2.0,sits but looks away regularly,Both,3.0,2.0,2.0,2.0,4.0,1.0,1.0,3.0,3.0,2.0,1.0,1.0,1.0,2.0,1.0,2.0,2.0,No,1.0,1.0,3.0,4.0,3.0,2.0,1.0,2.0,1.0,No,4.0,5.0,1.0,1.0,1.0,1.0,0.0,0.0,1.5,2.0,1.0,1.0,0.0,4.0,64.0,1.25,0.0,1.6666666666666667,1.6666666666666667,3.0,48,2.25,24.0,-0.75,2.25,24.0,2.5,4.0,1.75,8.0,1.5,3.0,1.6666666666666667,4.0,2.0,3.0,2.0,3.0,2.5,4.0,2.0,6.0,1.0,3.6666666666666665,48.0
Fargo,04-05-LF,1,2019-05-23,A,LR,M,F1,IGDB,2018-03-16,2019-04-24,2019-11-25,215 days,GD,2.0,Success,13:54:52,0:14:32,3.0,4.0,3.0,1.0,3.0,2.0,1.0,3.0,2.0,3.0,4.0,2.0,4.0,3.0,No,No,No,Yes,No,No,No,No,Yes,No,No,No,No,No,6,2,3,2,2,2.0,2.0,3.0,3.0,3.0,4.0,4.0,Does lift hindquarters but sits back down without any handler intervention. Stares with profound interest but maintains good composure,Righ,3.0,1.0,1.0,1.0,6.0,2.0,1.0,3.0,2.0,1.0,1.0,1.0,1.0,1.0,1.0,1.0,1.0,No,1.0,1.0,3.0,3.0,4.0,1.0,2.0,,1.0,No,4.0,4.0,1.5,2.0,3.0,9.0,1.5,7.0,3.0,9.0,1.5,2.0,-1.0,3.0,24.0,1.75,0.0,0.5,0.0,3.25,72,2.25,24.0,-1.0,2.25,12.0,4.0,12.0,1.25,2.0,1.25,2.0,1.0,1.0,2.0,3.0,2.0,3.0,2.0,3.0,2.5,4.0,-1.0,3.333333333333333,36.0
Fargo,04-05-LF,2,2019-07-03,A,LR,M,F1,IGDB,2018-03-16,2019-04-24,2019-11-25,215 days,GD,2.0,Success,15:09:06,0:16:39,2.0,4.0,1.0,1.0,1.0,1.0,1.0,2.0,3.0,1.0,4.0,3.0,4.0,3.0,No,No,No,Yes,Yes,No,No,No,No,No,Yes,Yes,No,No,1,2,2,4,2,2.0,2.0,4.0,2.0,2.0,4.0,4.0,"Breaks sit throughout, circles handler and also tries to exhibit good behaviour to get the handler to give the kong (lies down)",Righ,3.0,1.0,2.0,2.0,6.0,,1.0,3.0,1.0,1.0,1.0,2.0,1.0,,1.0,1.0,2.0,No,1.0,1.0,2.0,4.0,4.0,1.0,1.0,1.0,1.0,No,4.0,3.0,1.0,1.0,2.0,4.0,1.0,3.0,1.5,2.0,1.0,1.0,,2.6666666666666665,12.0,1.75,0.0,1.0,1.1666666666666667,2.25,16,2.5,32.0,0.25,2.75,48.0,6.0,6.0,1.5,4.0,1.25,2.0,1.0,1.0,1.5,2.0,1.5,2.0,2.5,4.0,2.0,4.0,0.0,3.333333333333333,32.0
Elf,04-07-LE,1,2019-05-22,A,LRx,M,E1,IGDB,2018-03-12,2019-04-24,2019-11-25,215 days,GD,2.0,Success,15:27:46,0:15:39,4.0,3.0,2.0,1.0,3.0,1.0,1.0,2.0,4.0,3.0,1.0,1.0,4.0,3.0,No,No,No,Yes,Yes,No,No,No,No,No,Yes,No,No,No,3,2,3,5,2,2.0,2.0,5.0,3.0,3.0,4.0,4.0,"lifts hindquarters briefly, yawns, intense start, whine, gets up and explores when he feels like he is not going to be getting it. ",None,3.0,3.0,1.0,2.0,2.0,1.0,1.0,1.0,2.0,2.0,3.0,1.0,1.0,2.0,1.0,3.0,3.0,No,1.0,1.0,4.0,6.0,4.0,1.0,1.0,2.0,1.0,No,5.0,4.0,1.0,1.0,3.0,9.0,2.0,8.0,3.0,8.0,1.0,1.0,0.0,2.6666666666666665,12.0,1.75,0.0,1.0,0.5,3.25,90,2.75,40.0,-0.5,2.5,24.0,1.5,2.0,2.75,36.0,1.75,6.0,1.6666666666666667,4.0,2.5,4.0,2.5,4.0,3.5,6.0,2.333333333333333,8.0,0.0,5.0,120.0
Dugg,05-01-LD,1,2019-05-22,B,LRxGR,M,D1,IGDB,2018-02-11,2019-05-01,2019-10-25,177 days,AD,1.0,Success,14:15:42,0:15:00,1.0,5.0,1.0,2.0,1.0,1.0,1.0,3.0,3.0,2.0,2.0,2.0,2.0,3.0,No,No,No,Yes,Yes,Yes,Yes,No,No,Yes,Yes,Yes,Yes,No,6,2,3,6,5,4.0,4.0,5.0,4.0,5.0,4.0,5.0,"initially sniffed around until dog realised that handler had a kong, then sat, stood and eventually jumped at handler x 3",None,3.0,1.0,1.0,2.0,6.0,3.0,3.0,1.0,2.0,3.0,1.0,1.0,1.0,3.0,4.0,3.0,3.0,No,1.0,3.0,3.0,4.0,4.0,2.0,2.0,1.0,4.0,No,5.0,4.0,1.0,1.0,4.5,20.0,3.5,19.0,1.0,1.0,2.5,6.0,-1.0,2.333333333333333,12.0,1.25,0.0,2.5,2.5,4.25,216,4.5,400.0,0.25,2.75,30.0,4.5,18.0,3.25,108.0,1.25,2.0,3.333333333333333,36.0,2.0,3.0,3.0,9.0,3.5,12.0,3.0,16.0,0.0,4.0,60.0
Dugg,05-01-LD,2,2019-07-17,B,LRxGR,M,D1,IGDB,2018-02-11,2019-05-01,2019-10-25,177 days,AD,1.0,Success,14:50:56,0:12:48,2.0,4.0,2.0,,2.0,2.0,1.0,3.0,3.0,2.0,3.0,3.0,3.0,3.0,No,No,No,Yes,Yes,Yes,Yes,No,No,Yes,Yes,Yes,Yes,No,3,3,1,4,2,3.0,3.0,3.0,3.0,2.0,4.0,2.0,would look away only briefly ,Left,3.0,1.0,1.0,2.0,5.0,,2.0,2.0,2.0,3.0,2.0,3.0,3.0,3.0,2.0,3.0,3.0,No,2.0,1.0,4.0,5.0,3.0,2.0,2.0,3.0,2.0,No,5.0,4.0,1.5,2.0,2.5,6.0,1.0,4.0,2.0,4.0,,1.0,,2.6666666666666665,18.0,1.5,0.0,2.5,2.5,2.75,36,2.75,54.0,0.0,2.0,12.0,5.0,5.0,2.75,54.0,2.5,36.0,2.6666666666666665,18.0,3.0,8.0,2.5,4.0,3.0,5.0,2.6666666666666665,18.0,0.0,4.666666666666667,100.0
Elf,04-07-LE,2,2019-07-03,A,LRx,M,E1,IGDB,2018-03-12,2019-04-24,2019-11-25,215 days,GD,2.0,Success,15:39:45,0:15:12,5.0,5.0,1.0,1.0,3.0,4.0,3.0,1.0,3.0,4.0,4.0,3.0,4.0,3.0,No,No,No,Yes,Yes,Yes,Yes,No,Yes,No,Yes,No,No,No,3,2,2,6,1,2.0,2.0,2.0,3.0,4.0,4.0,4.0,"He is very ""all over the place"" - not sure what to be more excited about - the kong or the assessor or the dog barking. But he is definitely showing high interest in the kong. Lifts hind quarters and stands with tail wagging excitedly, whines and lip smacks",Left,3.0,1.0,1.0,2.0,4.0,1.0,1.0,2.0,1.0,1.0,1.0,1.0,1.0,1.0,1.0,1.0,2.0,No,1.0,1.0,3.0,3.0,4.0,1.0,2.0,2.0,1.0,No,5.0,4.0,3.5,12.0,3.5,12.0,0.0,0.0,3.0,5.0,1.0,1.0,0.0,3.6666666666666665,48.0,1.75,0.0,2.5,0.3333333333333333,3.25,72,1.75,8.0,-1.5,2.5,24.0,2.5,4.0,1.75,6.0,1.0,1.0,1.0,1.0,2.0,3.0,2.0,3.0,2.0,3.0,2.333333333333333,8.0,-1.0,3.6666666666666665,45.0
Flora,05-02-LF,1,2019-05-23,A,LR,F,F1,IGDB,2018-03-16,2019-05-01,2019-12-20,233 days,GD,2.0,Success,14:26:31,0:15:14,2.0,5.0,1.0,1.0,3.0,3.0,2.0,1.0,1.0,3.0,3.0,1.0,4.0,1.0,No,No,No,Yes,No,No,No,No,Yes,No,No,No,No,No,3,2,6,6,2,2.0,4.0,6.0,4.0,5.0,6.0,4.0,Whining and doesnt break sit but does nudge forward and backward to gain handlers attention,None,4.0,1.0,2.0,2.0,4.0,1.0,2.0,1.0,1.0,4.0,2.0,1.0,1.0,4.0,2.0,3.0,4.0,No,1.0,2.0,3.0,3.0,3.0,3.0,2.0,3.0,1.0,No,5.0,6.0,2.5,6.0,4.5,20.0,2.0,14.0,1.5,2.0,1.0,1.0,0.0,2.333333333333333,9.0,1.25,0.0,0.5,0.0,4.25,216,3.5,96.0,-0.75,3.0,64.0,2.5,4.0,3.25,96.0,1.25,2.0,3.333333333333333,32.0,2.0,3.0,2.5,6.0,2.5,6.0,2.333333333333333,9.0,1.0,3.6666666666666665,45.0
Flora,05-02-LF,2,2019-07-16,A,LR,F,F1,IGDB,2018-03-16,2019-05-01,2019-12-20,233 days,GD,2.0,Success,13:34:50,0:22:23,1.0,5.0,1.0,1.0,3.0,3.0,2.0,2.0,3.0,3.0,4.0,3.0,4.0,4.0,No,No,No,Yes,No,Yes,No,No,No,No,Yes,No,No,No,1,3,3,5,1,2.0,3.0,2.0,2.0,4.0,6.0,2.0,Well behaved - good self modulation,Left,3.0,1.0,1.0,2.0,7.0,2.0,1.0,3.0,2.0,1.0,1.0,1.0,1.0,1.0,1.0,1.0,2.0,No,1.0,1.0,3.0,3.0,4.0,1.0,1.0,,1.0,No,4.0,6.0,2.5,6.0,3.0,8.0,0.5,2.0,1.0,1.0,1.5,2.0,-1.0,3.333333333333333,36.0,2.0,0.0,1.1666666666666667,0.5,3.0,45,2.0,12.0,-1.0,2.0,12.0,4.5,14.0,1.5,4.0,1.25,2.0,1.0,1.0,2.0,3.0,2.0,3.0,2.0,3.0,2.5,4.0,0.0,3.333333333333333,36.0
Fawn,05-03-LF,1,2019-05-29,B,LR,F,F1,IGDB,2018-03-16,2019-05-01,2019-11-25,208 days,GD,2.0,Success,14:58:17,0:16:42,1.0,5.0,1.0,,3.0,3.0,2.0,2.0,4.0,3.0,3.0,,4.0,3.0,No,Yes,No,Yes,Yes,Yes,Yes,Yes,No,Yes,Yes,Yes,Yes,Yes,6,4,5,6,4,5.0,5.0,6.0,4.0,5.0,7.0,4.0,"jumped once when handler got given the kong, sat in front then fine, kept looking over briefly, got up and stood beside the handler",None,3.0,3.0,1.0,2.0,7.0,3.0,1.0,1.0,3.0,2.0,1.0,2.0,1.0,1.0,1.0,2.0,2.0,No,2.0,1.0,5.0,6.0,,2.0,1.0,1.0,1.0,No,5.0,6.0,2.5,6.0,4.5,20.0,2.0,14.0,1.0,1.0,3.0,3.0,,3.333333333333333,36.0,2.0,0.0,3.5,3.5,5.25,720,5.0,600.0,-0.25,2.5,24.0,5.0,21.0,2.25,16.0,1.75,6.0,1.3333333333333333,2.0,3.5,10.0,3.0,5.0,3.5,6.0,1.0,1.0,1.0,5.333333333333333,150.0
Zeb,05-04-LZ,1,2019-05-22,A,LR,M,Z1,Private breeder,2018-04-06,2019-05-01,2019-08-06,97 days,W,0.0,Fail,14:51:27,0:15:38,5.0,2.0,1.0,1.0,2.0,1.0,1.0,2.0,4.0,4.0,4.0,4.0,,3.0,No,No,Yes,No,No,No,No,No,Yes,No,No,No,No,No,3,2,2,6,1,2.0,4.0,5.0,3.0,5.0,4.0,4.0,"Didnt want to sit at first and once he saw the handler had treats was more obsessed with treats, But before that he was definitely heavily enthralled with the kong. No seriously inappropriate behaviour shown ",Righ,3.0,1.0,1.0,2.0,5.0,3.0,2.0,3.0,4.0,1.0,1.0,1.0,1.0,1.0,1.0,1.0,1.0,No,1.0,1.0,3.0,4.0,4.0,3.0,1.0,1.0,1.0,No,4.0,4.0,1.0,1.0,4.0,15.0,3.0,14.0,3.0,5.0,2.0,3.0,-2.0,4.0,64.0,1.0,0.0,0.0,0.0,3.25,72,3.0,40.0,-0.25,2.5,24.0,4.0,15.0,1.5,4.0,1.75,4.0,1.0,1.0,2.0,3.0,2.0,3.0,2.5,4.0,2.0,4.0,2.0,3.6666666666666665,48.0
Zeb,05-04-LZ,2,2019-07-17,A,LR,M,Z1,Private breeder,2018-04-06,2019-05-01,2019-08-06,97 days,W,0.0,Fail,14:11:54,0:15:55,1.0,5.0,1.0,1.0,1.0,1.0,1.0,4.0,4.0,1.0,2.0,3.0,1.0,4.0,No,No,No,Yes,No,No,No,No,No,No,Yes,No,No,No,3,2,3,6,1,2.0,2.0,6.0,3.0,5.0,4.0,5.0,Jumps up twice during first presentation but maintains sit during the concentration phase - still quite enthralled though,Left,3.0,3.0,3.0,4.0,3.0,2.0,1.0,1.0,4.0,1.0,1.0,1.0,1.0,1.0,1.0,1.0,2.0,No,1.0,1.0,3.0,4.0,4.0,3.0,1.0,,1.0,No,2.0,4.0,1.0,1.0,4.0,15.0,3.0,14.0,1.0,1.0,1.5,2.0,-1.0,2.333333333333333,8.0,1.25,0.0,0.5,0.5,3.5,108,2.75,24.0,-0.75,3.75,180.0,2.5,6.0,2.0,8.0,1.75,4.0,1.0,1.0,2.0,3.0,2.0,3.0,2.5,4.0,2.5,4.0,2.0,3.0,24.0
Fawn,05-03-LF,2,2019-07-17,B,LR,F,F1,IGDB,2018-03-16,2019-05-01,2019-11-25,208 days,GD,2.0,Success,13:35:14,0:15:19,1.0,5.0,1.0,1.0,3.0,4.0,3.0,1.0,3.0,4.0,4.0,3.0,4.0,3.0,No,No,No,Yes,Yes,Yes,Yes,Yes,No,Yes,Yes,Yes,Yes,Yes,6,5,6,6,6,5.0,6.0,6.0,4.0,5.0,6.0,4.0,"dog sits, looks briefly away twice",None,3.0,2.0,1.0,2.0,6.0,,1.0,2.0,3.0,3.0,1.0,1.0,1.0,3.0,1.0,2.0,2.0,No,1.0,1.0,4.0,5.0,4.0,2.0,2.0,2.0,1.0,No,5.0,6.0,3.5,12.0,4.5,20.0,1.0,8.0,1.0,1.0,1.0,1.0,,3.6666666666666665,48.0,1.75,0.0,3.5,3.5,5.75,1080,5.75,1080.0,0.0,2.5,24.0,6.0,6.0,2.0,12.0,1.5,3.0,2.333333333333333,9.0,2.5,4.0,2.5,4.0,3.0,5.0,2.333333333333333,8.0,0.0,4.666666666666667,100.0
Eldin,05-05-LE,1,2019-05-29,B,LRx,M,E1,IGDB,2018-03-12,2019-05-01,2019-12-13,226 days,GD,2.0,Success,14:19:18,0:16:11,2.0,4.0,1.0,,2.0,2.0,2.0,3.0,4.0,4.0,4.0,3.0,4.0,2.0,Yes,No,No,Yes,Yes,Yes,Yes,Yes,No,Yes,Yes,No,Yes,Yes,6,5,5,1,5,4.0,4.0,5.0,3.0,4.0,7.0,4.0,"dog sat initially but then walk away, unsure if dog was aware of the stuffed kong, shown again and dog sat and waited for it.",Both,3.0,2.0,2.0,2.0,4.0,1.0,1.0,2.0,2.0,1.0,1.0,1.0,1.0,1.0,1.0,2.0,2.0,No,1.0,1.0,3.0,5.0,4.0,2.0,2.0,1.0,1.0,No,4.0,5.0,2.0,4.0,3.5,12.0,1.5,8.0,1.5,2.0,1.0,1.0,,4.0,64.0,2.0,0.0,3.5,2.833333333333333,4.25,150,4.5,400.0,0.25,2.75,48.0,2.5,4.0,2.0,12.0,1.25,2.0,1.0,1.0,2.0,3.0,2.0,3.0,3.0,5.0,2.0,4.0,0.0,4.0,60.0
Eldin,05-05-LE,2,2019-07-17,B,LRx,M,E1,IGDB,2018-03-12,2019-05-01,2019-12-13,226 days,GD,2.0,Success,15:34:19,0:16:15,4.0,3.0,2.0,,2.0,4.0,2.0,1.0,4.0,3.0,4.0,3.0,4.0,3.0,No,No,No,Yes,Yes,No,Yes,Yes,No,Yes,Yes,No,Yes,Yes,2,4,3,4,2,3.0,3.0,3.0,3.0,3.0,5.0,4.0,got up once from the sit to move closer to the handler,Both,3.0,2.0,2.0,2.0,4.0,1.0,1.0,2.0,3.0,1.0,1.0,1.0,1.0,1.0,1.0,2.0,2.0,No,1.0,1.0,3.0,4.0,4.0,2.0,2.0,1.0,1.0,No,4.0,4.0,3.0,8.0,3.0,9.0,0.0,1.0,3.0,8.0,1.0,1.0,,3.6666666666666665,48.0,1.75,0.0,2.833333333333333,2.833333333333333,3.25,96,2.75,54.0,-0.5,2.75,48.0,2.5,4.0,2.0,12.0,1.5,3.0,1.0,1.0,2.0,3.0,2.0,3.0,2.5,4.0,2.0,4.0,0.0,3.6666666666666665,48.0
Zodiac,04-04-LZ,1,2019-05-20,B,LR,M,Z1,Private breeder,2018-04-06,2019-04-24,2019-10-25,184 days,GD,2.0,Success,14:13:22,0:13:53,1.0,5.0,1.0,1.0,2.0,3.0,2.0,2.0,4.0,4.0,4.0,2.0,3.0,3.0,No,No,No,Yes,Yes,Yes,No,No,No,Yes,Yes,Yes,No,No,4,4,4,4,3,4.0,3.0,4.0,3.0,3.0,5.0,4.0,sits ,,2.0,1.0,1.0,2.0,8.0,2.0,1.0,3.0,2.0,1.0,1.0,1.0,1.0,,1.0,1.0,2.0,No,1.0,1.0,3.0,4.0,5.0,1.0,1.0,1.0,1.0,No,4.0,4.0,2.5,6.0,3.0,9.0,0.5,3.0,1.0,1.0,1.5,2.0,-1.0,4.0,64.0,1.5,0.0,1.6666666666666667,1.6666666666666667,4.0,256,3.5,144.0,-0.5,2.25,16.0,5.0,16.0,1.5,4.0,1.25,2.0,1.0,1.0,2.0,3.0,2.0,3.0,2.5,4.0,2.333333333333333,5.0,0.0,3.6666666666666665,48.0
Ebbi,05-14-LE,1,2019-06-13,A,LRx,F,E1,IGDB,2018-03-12,2019-05-15,2019-10-25,163 days,AD,1.0,Success,14:54:56,0:16:45,2.0,5.0,2.0,1.0,3.0,4.0,4.0,5.0,3.0,1.0,1.0,1.0,3.0,4.0,No,No,No,Yes,Yes,No,No,No,No,Yes,Yes,No,Yes,No,2,3,3,2,2,3.0,2.0,2.0,2.0,2.0,6.0,2.0,Attention on the kong at times but at other times she is looking around the room. Not overly interested and never broke her sit,Left,3.0,1.0,1.0,2.0,5.0,1.0,1.0,2.0,2.0,1.0,1.0,1.0,1.0,1.0,1.0,1.0,2.0,No,1.0,1.0,4.0,4.0,5.0,1.0,1.0,1.0,1.0,No,4.0,4.0,4.0,16.0,2.0,4.0,-2.0,-12.0,2.0,4.0,1.0,1.0,0.0,1.6666666666666667,3.0,1.75,0.0,1.0,1.8333333333333333,2.5,36,2.25,24.0,-0.25,2.0,12.0,3.0,5.0,1.75,6.0,1.25,2.0,1.0,1.0,2.5,4.0,2.5,4.0,2.5,4.0,2.333333333333333,5.0,0.0,4.0,64.0
Ebbi,05-14-LE,2,2019-07-31,A,LRx,F,E1,IGDB,2018-03-12,2019-05-15,2019-10-25,163 days,AD,1.0,Success,14:14:49,0:17:31,4.0,5.0,1.0,1.0,1.0,1.0,1.0,2.0,4.0,1.0,1.0,1.0,1.0,3.0,No,No,No,Yes,Yes,No,Yes,No,No,Yes,Yes,No,Yes,No,2,3,3,2,1,2.0,1.0,2.0,2.0,2.0,6.0,2.0,Looks away every now and then but mostly has focused attention. Good behaviour though and no jumping up or broken sit once she is asked to sit. ,Righ,3.0,1.0,1.0,2.0,6.0,1.0,1.0,2.0,3.0,1.0,1.0,1.0,1.0,1.0,1.0,1.0,1.0,No,1.0,1.0,4.0,4.0,5.0,1.0,1.0,1.0,1.0,No,2.0,3.0,1.0,1.0,2.0,4.0,1.0,3.0,2.5,4.0,1.0,1.0,0.0,2.0,4.0,1.0,0.0,1.8333333333333333,1.8333333333333333,2.5,36,1.5,4.0,-1.0,2.0,12.0,3.5,6.0,1.5,3.0,1.5,3.0,1.0,1.0,2.5,4.0,2.5,4.0,2.5,4.0,2.333333333333333,5.0,0.0,3.333333333333333,32.0
Herbie,07-02-LH,1,2019-07-29,A,LRxGR,M,H1,IGDB,2018-05-11,2019-07-02,2020-03-10,252 days,GD,2.0,Success,15:42:14,0:14:55,5.0,1.0,5.0,,3.0,4.0,3.0,2.0,3.0,2.0,1.0,1.0,4.0,1.0,No,No,No,Yes,Yes,No,No,No,Yes,No,No,No,No,No,1,3,2,6,5,2.0,1.0,6.0,3.0,4.0,6.0,5.0,Quite consistently lifting hind-quarters and jumps up against handler at the end,Both,3.0,1.0,1.0,2.0,4.0,1.0,1.0,1.0,4.0,3.0,1.0,1.0,1.0,3.0,2.0,3.0,3.0,No,1.0,2.0,3.0,4.0,3.0,4.0,1.0,2.0,1.0,No,4.0,3.0,3.5,12.0,3.5,12.0,0.0,0.0,5.0,25.0,1.0,1.0,,2.0,6.0,1.25,0.0,1.0,0.0,3.0,36,3.5,60.0,0.5,2.75,30.0,2.5,4.0,2.75,36.0,1.75,4.0,2.6666666666666665,18.0,2.0,3.0,2.5,6.0,3.0,8.0,2.0,6.0,3.0,3.6666666666666665,48.0
Herbie,07-02-LH,2,2019-09-17,A,LRxGR,M,H1,IGDB,2018-05-11,2019-07-02,2020-03-10,252 days,GD,2.0,Success,13:48:29,0:17:00,4.0,2.0,1.0,1.0,2.0,2.0,2.0,2.0,4.0,2.0,1.0,1.0,4.0,1.0,No,No,No,Yes,Yes,No,No,No,Yes,No,No,No,No,No,2,3,3,4,1,2.0,3.0,5.0,3.0,3.0,6.0,5.0,Lifts hindquarters twice and jumps up at handler once,Both,3.0,3.0,1.0,2.0,5.0,1.0,1.0,4.0,1.0,1.0,1.0,1.0,1.0,1.0,1.0,1.0,2.0,No,1.0,1.0,3.0,3.0,5.0,1.0,2.0,1.0,1.0,No,4.0,3.0,2.0,4.0,3.0,9.0,1.0,5.0,2.5,4.0,1.0,1.0,0.0,2.333333333333333,8.0,1.25,0.0,1.0,0.0,3.0,72,2.75,30.0,-0.25,2.75,30.0,3.0,5.0,1.25,2.0,1.0,1.0,1.0,1.0,2.0,3.0,2.0,3.0,2.0,3.0,2.333333333333333,5.0,-1.0,3.333333333333333,36.0
Evie,07-03-LE,1,2019-07-29,A,LRx,F,E1,IGDB,2018-03-12,2019-07-02,2020-02-02,215 days,GD,2.0,Success,14:18:49,0:14:49,3.0,5.0,1.0,2.0,1.0,1.0,1.0,2.0,3.0,1.0,3.0,1.0,4.0,3.0,No,No,No,Yes,Yes,No,No,No,No,Yes,Yes,No,No,No,3,3,2,4,1,2.0,1.0,2.0,2.0,2.0,5.0,4.0,"Lifts hindquarters a handful of times, but modulates nicely and does not jump up. ",Righ,3.0,3.0,1.0,2.0,6.0,2.0,1.0,1.0,4.0,1.0,1.0,1.0,1.0,1.0,1.0,1.0,2.0,No,1.0,1.0,3.0,4.0,5.0,1.0,1.0,2.0,2.0,No,4.0,3.0,1.0,1.0,2.0,4.0,1.0,3.0,2.0,3.0,2.0,4.0,0.0,2.333333333333333,9.0,1.75,0.0,1.0,1.0,3.0,72,1.5,4.0,-1.5,2.5,24.0,4.0,12.0,2.0,8.0,1.75,4.0,1.0,1.0,2.0,3.0,2.0,3.0,2.5,4.0,3.0,20.0,0.0,3.6666666666666665,48.0
Eliza,05-22-LE,1,2019-06-18,B,LRx,F,E1,IGDB,2018-03-12,2019-05-28,2019-11-12,168 days,W,0.0,Fail,13:41:32,0:14:51,5.0,1.0,1.0,,1.0,1.0,1.0,3.0,2.0,3.0,4.0,4.0,4.0,3.0,No,Yes,No,Yes,Yes,Yes,No,No,No,Yes,Yes,No,No,No,2,4,3,1,3,4.0,3.0,5.0,3.0,2.0,5.0,4.0,"dog sits and then goes into a down, keeps looking at handler calmly",Righ,3.0,1.0,2.0,2.0,4.0,1.0,1.0,4.0,3.0,1.0,1.0,1.0,1.0,1.0,1.0,1.0,1.0,No,1.0,1.0,3.0,4.0,5.0,1.0,1.0,1.0,1.0,No,4.0,4.0,1.0,1.0,2.5,6.0,1.5,5.0,3.0,5.0,1.0,1.0,,3.0,24.0,2.0,0.0,1.6666666666666667,1.0,2.5,24,3.75,180.0,1.25,2.75,48.0,2.5,4.0,1.0,1.0,1.5,3.0,1.0,1.0,2.0,3.0,2.0,3.0,2.5,4.0,2.333333333333333,5.0,0.0,3.6666666666666665,48.0
Eliza,05-22-LE,2,2019-08-12,B,LRx,F,E1,IGDB,2018-03-12,2019-05-28,2019-11-12,168 days,W,0.0,Fail,13:50:00,0:16:18,2.0,4.0,2.0,1.0,1.0,1.0,1.0,2.0,4.0,2.0,4.0,3.0,4.0,3.0,No,No,No,Yes,Yes,Yes,Yes,No,No,Yes,Yes,Yes,No,No,1,4,4,3,4,3.0,3.0,3.0,2.0,2.0,5.0,2.0,"used ragger, no kong, dog sits and goes into a down eventually",,,1.0,,,4.0,1.0,1.0,3.0,4.0,1.0,2.0,1.0,1.0,1.0,1.0,1.0,1.0,No,1.0,1.0,2.0,3.0,3.0,3.0,1.0,1.0,1.0,No,4.0,4.0,1.0,1.0,2.0,4.0,1.0,3.0,2.0,4.0,1.0,1.0,0.0,3.333333333333333,32.0,1.75,0.0,2.5,1.6666666666666667,3.0,48,3.25,108.0,0.25,2.0,2.0,2.5,4.0,1.25,2.0,2.0,8.0,1.0,1.0,1.5,2.0,1.5,2.0,2.0,3.0,1.6666666666666667,3.0,2.0,3.0,24.0
Edrick,05-11-LE,1,2019-06-13,B,LRx,M,E1,IGDB,2018-03-12,2019-05-15,2020-07-09,421 days,GD,2.0,Success,13:38:51,0:13:24,2.0,4.0,2.0,1.0,1.0,2.0,2.0,2.0,2.0,4.0,4.0,3.0,4.0,3.0,No,No,No,Yes,Yes,Yes,Yes,No,No,Yes,Yes,Yes,Yes,Yes,4,5,4,6,3,5.0,3.0,5.0,4.0,5.0,7.0,4.0,"sat, then went into a down",Righ,3.0,1.0,2.0,2.0,5.0,3.0,1.0,3.0,3.0,3.0,1.0,1.0,2.0,3.0,1.0,2.0,2.0,No,,,,,5.0,1.0,1.0,3.0,1.0,No,5.0,4.0,2.0,4.0,4.5,20.0,2.5,16.0,2.0,4.0,2.0,3.0,-2.0,3.333333333333333,32.0,1.75,0.0,2.5,3.5,4.75,480,4.0,225.0,-0.75,2.75,48.0,4.0,15.0,1.75,8.0,1.75,6.0,2.333333333333333,9.0,,1.0,,1.0,,1.0,3.0,15.0,0.0,5.0,5.0
Edrick,05-11-LE,2,2019-07-31,B,LRx,M,E1,IGDB,2018-03-12,2019-05-15,2020-07-09,421 days,GD,2.0,Success,13:36:06,0:13:43,2.0,4.0,2.0,1.0,2.0,2.0,2.0,2.0,2.0,4.0,4.0,4.0,4.0,3.0,No,No,No,Yes,Yes,Yes,Yes,No,No,Yes,Yes,Yes,Yes,Yes,3,4,3,5,3,4.0,3.0,5.0,3.0,5.0,5.0,2.0,sits and then lies down ,Righ,3.0,1.0,2.0,2.0,4.0,,1.0,2.0,3.0,3.0,3.0,1.0,1.0,3.0,2.0,3.0,2.0,No,1.0,1.0,3.0,3.0,5.0,1.0,1.0,2.0,4.0,No,5.0,4.0,2.0,4.0,4.0,15.0,2.0,11.0,2.0,4.0,1.0,1.0,,3.333333333333333,32.0,1.75,0.0,2.5,3.5,3.75,180,3.75,180.0,0.0,2.25,24.0,4.0,4.0,2.25,18.0,2.0,9.0,2.6666666666666665,18.0,2.0,3.0,2.0,3.0,2.0,3.0,3.6666666666666665,40.0,0.0,3.6666666666666665,45.0
Evie,07-03-LE,2,2019-09-17,A,LRx,F,E1,IGDB,2018-03-12,2019-07-02,2020-02-02,215 days,GD,2.0,Success,14:25:06,0:15:49,5.0,2.0,2.0,,1.0,1.0,1.0,2.0,4.0,2.0,4.0,4.0,1.0,3.0,No,No,Yes,No,No,No,No,No,Yes,No,No,No,No,No,2,2,2,2,2,2.0,2.0,2.0,1.0,1.0,4.0,2.0,A very small lift in hindquarters here and there - think this is more due to body sensitivity. Well behaved even though she is definitely interested. ,Both,3.0,1.0,1.0,2.0,6.0,2.0,1.0,4.0,4.0,1.0,1.0,1.0,1.0,1.0,1.0,1.0,1.0,No,1.0,1.0,3.0,2.0,5.0,1.0,1.0,1.0,1.0,No,4.0,4.0,1.0,1.0,1.0,1.0,0.0,0.0,3.5,10.0,2.0,2.0,,3.333333333333333,32.0,1.0,0.0,0.0,0.0,2.0,16,2.0,16.0,0.0,2.0,12.0,4.0,12.0,1.0,1.0,1.75,4.0,1.0,1.0,2.0,3.0,2.0,3.0,1.5,2.0,2.333333333333333,5.0,0.0,3.0,24.0
Zac,07-04-LZ,1,2019-07-29,A,LR,M,Z1,Private breeder,2018-04-06,2019-07-02,2019-10-25,115 days,W,0.0,Fail,15:02:37,0:18:01,1.0,5.0,1.0,3.0,2.0,1.0,1.0,3.0,4.0,3.0,1.0,1.0,4.0,4.0,No,No,No,Yes,Yes,No,No,No,No,Yes,Yes,No,No,No,6,3,4,3,3,2.0,2.0,5.0,3.0,4.0,6.0,5.0,Very boisterous and misbehaved jumping up at handler regularly. ,Righ,4.0,1.0,5.0,3.0,3.0,2.0,1.0,1.0,4.0,1.0,1.0,1.0,1.0,,1.0,2.0,2.0,No,1.0,2.0,1.0,4.0,4.0,3.0,1.0,2.0,1.0,No,4.0,4.0,1.0,1.0,3.5,12.0,2.5,11.0,1.0,1.0,2.5,6.0,1.0,2.6666666666666665,12.0,2.0,0.0,1.0,1.0,4.0,216,3.0,60.0,-1.0,4.25,300.0,2.5,6.0,2.25,16.0,1.75,4.0,1.0,1.0,1.0,1.0,1.5,2.0,3.0,8.0,2.333333333333333,8.0,2.0,3.0,16.0
Zac,07-04-LZ,2,2019-09-18,A,LR,M,Z1,Private breeder,2018-04-06,2019-07-02,2019-10-25,115 days,W,0.0,Fail,13:30:14,0:14:26,2.0,5.0,1.0,1.0,3.0,2.0,1.0,2.0,2.0,3.0,3.0,1.0,4.0,3.0,No,Yes,No,Yes,Yes,Yes,Yes,No,No,Yes,Yes,No,Yes,No,5,3,6,3,5,3.0,6.0,5.0,4.0,5.0,6.0,5.0,Highly activated and jumping up constantly at handler. ,Both,4.0,1.0,1.0,2.0,7.0,2.0,1.0,1.0,4.0,1.0,3.0,1.0,1.0,1.0,1.0,3.0,3.0,No,1.0,1.0,4.0,4.0,4.0,2.0,4.0,1.0,1.0,No,4.0,4.0,1.5,2.0,4.5,20.0,3.0,18.0,1.5,2.0,1.5,2.0,-1.0,2.6666666666666665,18.0,2.0,0.0,2.5,1.8333333333333333,4.25,270,4.75,450.0,0.5,3.0,40.0,4.5,14.0,2.75,36.0,2.25,12.0,1.0,1.0,2.5,4.0,2.5,4.0,2.5,4.0,2.0,4.0,-2.0,4.0,64.0
Goober,07-01-LG,1,2019-07-29,B,LRxGR,M,G1,IGDB,2018-04-15,2019-07-02,2020-02-03,216 days,GD,2.0,Success,13:39:35,0:16:58,1.0,5.0,1.0,2.0,1.0,2.0,2.0,3.0,3.0,4.0,1.0,1.0,4.0,3.0,No,No,No,Yes,Yes,Yes,Yes,No,No,Yes,Yes,Yes,Yes,Yes,5,5,4,5,5,4.0,4.0,5.0,4.0,5.0,5.0,5.0,"broke sit, whined, nudged handler, ",Left,3.0,1.0,2.0,2.0,5.0,2.0,1.0,2.0,2.0,4.0,1.0,1.0,1.0,4.0,1.0,3.0,3.0,No,2.0,1.0,3.0,3.0,3.0,3.0,2.0,3.0,1.0,No,4.0,4.0,2.0,4.0,4.5,20.0,2.5,16.0,1.0,1.0,2.0,4.0,0.0,2.6666666666666665,12.0,1.75,0.0,2.5,3.5,4.75,500,4.5,400.0,-0.25,3.0,60.0,3.5,10.0,2.5,27.0,1.25,2.0,3.0,16.0,2.5,6.0,2.0,3.0,2.0,3.0,2.333333333333333,9.0,1.0,3.333333333333333,36.0
Goober,07-01-LG,2,2019-09-17,B,LRxGR,M,G1,IGDB,2018-04-15,2019-07-02,2020-02-03,216 days,GD,2.0,Success,14:56:17,0:17:43,1.0,5.0,1.0,2.0,2.0,2.0,2.0,3.0,4.0,1.0,1.0,1.0,4.0,3.0,No,No,No,Yes,Yes,Yes,Yes,Yes,No,Yes,Yes,Yes,Yes,Yes,3,4,3,4,1,4.0,4.0,3.0,3.0,4.0,5.0,4.0,dog broke sit and  moved towards the handler,Both,3.0,1.0,3.0,2.0,7.0,4.0,3.0,2.0,2.0,4.0,1.0,1.0,1.0,3.0,1.0,3.0,2.0,No,1.0,1.0,2.0,3.0,4.0,2.0,2.0,2.0,1.0,No,4.0,4.0,2.0,4.0,3.5,12.0,1.5,8.0,1.0,1.0,3.0,8.0,-2.0,2.0,4.0,1.75,0.0,3.5,3.5,3.5,144,3.0,48.0,-0.5,3.0,72.0,5.5,28.0,2.75,54.0,1.25,2.0,2.6666666666666665,12.0,1.5,2.0,1.5,2.0,2.0,3.0,2.333333333333333,8.0,0.0,3.0,24.0
Gav,07-12-LG,1,2019-08-21,A,LRxGR,M,G1,IGDB,2018-04-15,2019-06-16,2020-01-28,226 days,AD,1.0,Success,13:37:19,0:17:07,2.0,5.0,1.0,1.0,3.0,2.0,2.0,2.0,3.0,1.0,1.0,1.0,4.0,2.0,No,No,No,Yes,Yes,No,Yes,No,Yes,No,No,No,No,No,3,2,4,1,3,2.0,4.0,6.0,2.0,5.0,4.0,5.0,Unsettled and jumping up at handler after sitting for a short while ,Both,3.0,3.0,5.0,4.0,6.0,1.0,1.0,1.0,4.0,3.0,1.0,1.0,1.0,3.0,1.0,2.0,2.0,No,1.0,2.0,3.0,3.0,5.0,1.0,1.0,2.0,4.0,No,4.0,6.0,2.0,4.0,3.5,10.0,1.5,6.0,1.5,2.0,1.0,1.0,0.0,1.6666666666666667,3.0,1.5,0.0,1.8333333333333333,0.0,2.5,24,3.75,144.0,1.25,4.25,300.0,3.5,6.0,2.25,16.0,1.75,4.0,2.333333333333333,9.0,2.0,3.0,2.5,6.0,2.5,6.0,3.6666666666666665,40.0,0.0,3.333333333333333,36.0
Gav,07-12-LG,2,2019-10-14,A,LRxGR,M,G1,IGDB,2018-04-15,2019-06-16,2020-01-28,226 days,AD,1.0,Success,14:01:53,0:17:41,2.0,5.0,2.0,1.0,1.0,1.0,1.0,2.0,3.0,3.0,1.0,1.0,4.0,4.0,No,No,No,Yes,No,Yes,No,No,No,Yes,Yes,Yes,Yes,No,2,3,3,1,2,2.0,2.0,4.0,2.0,3.0,6.0,4.0,Lifted hind quarters briefly and then composed himself. Did jump up once on the initial seeing the kong but modulated quickly ,Both,3.0,3.0,4.0,2.0,5.0,1.0,1.0,4.0,2.0,1.0,1.0,2.0,1.0,1.0,1.0,1.0,1.0,No,1.0,1.0,3.0,4.0,4.0,3.0,1.0,1.0,1.0,No,4.0,3.0,1.0,1.0,2.5,6.0,1.5,5.0,2.0,4.0,1.0,1.0,0.0,2.333333333333333,9.0,2.0,0.0,1.1666666666666667,2.5,2.25,18,2.5,32.0,0.25,3.25,96.0,3.0,5.0,1.0,1.0,1.5,4.0,1.0,1.0,2.0,3.0,2.0,3.0,2.5,4.0,2.0,4.0,2.0,3.6666666666666665,48.0
Effie,07-13-LE,1,2019-08-21,B,LRx,F,E1,IGDB,2018-03-12,2019-07-30,2020-02-03,188 days,GD,2.0,Success,12:47:14,0:15:52,2.0,4.0,2.0,1.0,2.0,2.0,1.0,2.0,2.0,4.0,1.0,1.0,4.0,4.0,No,No,No,Yes,Yes,Yes,Yes,No,No,Yes,Yes,Yes,Yes,Yes,1,4,3,4,1,3.0,3.0,3.0,3.0,3.0,5.0,2.0,sits calmly,Left,3.0,1.0,1.0,2.0,4.0,1.0,1.0,2.0,2.0,4.0,1.0,1.0,1.0,2.0,4.0,3.0,3.0,No,1.0,1.0,3.0,4.0,4.0,2.0,3.0,2.0,4.0,No,5.0,5.0,1.5,2.0,3.0,9.0,1.5,7.0,2.0,4.0,1.0,1.0,0.0,2.333333333333333,8.0,2.0,0.0,2.5,3.5,3.0,48,2.5,27.0,-0.5,2.0,12.0,2.5,4.0,2.5,27.0,1.25,2.0,3.333333333333333,32.0,2.0,3.0,2.0,3.0,2.5,4.0,3.333333333333333,32.0,-1.0,4.0,60.0
Effie,07-13-LE,2,2019-10-10,B,LRx,F,E1,IGDB,2018-03-12,2019-07-30,2020-02-03,188 days,GD,2.0,Success,13:14:50,0:17:43,4.0,2.0,3.0,1.0,1.0,3.0,2.0,2.0,4.0,4.0,1.0,1.0,4.0,4.0,No,No,No,Yes,Yes,Yes,Yes,No,Yes,No,Yes,No,No,No,2,3,3,4,2,3.0,3.0,3.0,2.0,2.0,4.0,2.0,"sit, then goes into a down",Righ,3.0,2.0,1.0,2.0,4.0,1.0,1.0,4.0,2.0,1.0,1.0,1.0,1.0,1.0,1.0,1.0,1.0,No,3.0,1.0,5.0,4.0,5.0,1.0,1.0,1.0,1.0,No,5.0,4.0,2.5,6.0,2.0,4.0,-0.5,-2.0,3.5,12.0,1.0,1.0,0.0,3.0,16.0,2.0,0.0,2.5,0.3333333333333333,3.0,72,2.75,54.0,-0.25,2.0,12.0,2.5,4.0,1.0,1.0,1.25,2.0,1.0,1.0,4.0,15.0,3.0,5.0,2.5,4.0,2.333333333333333,5.0,0.0,4.666666666666667,100.0
Harvey,08-02-LH,1,2019-09-18,A,LRxGR,M,H1,IGDB,2018-05-11,2019-08-21,2020-01-28,160 days,AD,1.0,Success,14:21:40,0:11:56,2.0,5.0,1.0,1.0,2.0,1.0,1.0,2.0,4.0,2.0,4.0,3.0,2.0,3.0,No,No,No,Yes,Yes,No,No,No,Yes,No,No,No,No,No,2,2,2,4,2,2.0,2.0,4.0,2.0,2.0,4.0,4.0,Does stand from seated position half way through concentration but no inappropriate behaviour - very excited.,Righ,4.0,1.0,1.0,2.0,6.0,3.0,1.0,1.0,3.0,1.0,1.0,2.0,1.0,3.0,1.0,2.0,3.0,No,1.0,1.0,3.0,4.0,3.0,4.0,1.0,,1.0,No,4.0,4.0,1.0,1.0,2.0,4.0,1.0,3.0,1.5,2.0,2.0,3.0,-2.0,3.333333333333333,32.0,1.25,0.0,1.0,0.0,2.5,32,2.5,32.0,0.0,2.75,32.0,4.5,18.0,2.5,24.0,1.75,6.0,1.6666666666666667,3.0,2.0,3.0,2.0,3.0,2.5,4.0,2.0,3.0,3.0,3.6666666666666665,48.0
Harvey,08-02-LH,2,2019-10-30,A,LRxGR,M,H1,IGDB,2018-05-11,2019-08-21,2020-01-28,160 days,AD,1.0,Success,15:05:42,0:13:40,4.0,5.0,1.0,1.0,1.0,1.0,1.0,2.0,3.0,4.0,4.0,3.0,1.0,3.0,No,No,No,Yes,Yes,No,No,No,No,Yes,Yes,No,No,No,3,2,2,3,2,2.0,2.0,3.0,2.0,2.0,4.0,4.0,Breaks sit and intense staring. No inappropriate behaviour shown. Good modulation,Left,3.0,2.0,1.0,2.0,6.0,2.0,1.0,4.0,1.0,1.0,1.0,1.0,1.0,1.0,1.0,1.0,1.0,No,1.0,1.0,4.0,4.0,4.0,2.0,1.0,1.0,1.0,No,4.0,3.0,1.0,1.0,2.0,4.0,1.0,3.0,2.5,4.0,1.5,2.0,-1.0,3.6666666666666665,48.0,1.0,0.0,1.0,1.0,2.5,36,2.25,24.0,-0.25,2.5,24.0,4.0,12.0,1.0,1.0,1.0,1.0,1.0,1.0,2.5,4.0,2.5,4.0,2.5,4.0,2.0,4.0,1.0,4.0,64.0
Gretel,07-14-LG,1,2019-08-21,B,LRxGR,F,G1,IGDB,2018-04-15,2019-07-21,2019-11-29,131 days,AD,1.0,Success,14:17:50,0:13:47,1.0,5.0,1.0,1.0,2.0,3.0,2.0,2.0,4.0,3.0,3.0,3.0,1.0,3.0,No,No,No,No,No,No,No,No,Yes,Yes,Yes,Yes,Yes,No,5,4,4,5,4,4.0,4.0,5.0,4.0,5.0,5.0,5.0,dog jumps up at handler once,None,3.0,3.0,2.0,2.0,5.0,2.0,1.0,2.0,3.0,4.0,3.0,1.0,3.0,3.0,4.0,3.0,3.0,No,1.0,1.0,1.0,3.0,4.0,3.0,3.0,2.0,1.0,No,4.0,4.0,2.5,6.0,4.5,20.0,2.0,14.0,1.0,1.0,1.5,2.0,-1.0,3.333333333333333,36.0,1.0,0.0,0.1666666666666666,2.333333333333333,4.5,400,4.25,320.0,-0.25,3.0,60.0,3.5,10.0,2.5,27.0,2.5,27.0,3.6666666666666665,48.0,1.0,1.0,1.0,1.0,2.0,3.0,2.333333333333333,8.0,0.0,2.6666666666666665,12.0
Gretel,07-14-LG,2,2019-10-10,B,LRxGR,F,G1,IGDB,2018-04-15,2019-07-21,2019-11-29,131 days,AD,1.0,Success,14:49:44,0:17:26,2.0,4.0,2.0,1.0,1.0,2.0,2.0,2.0,2.0,2.0,3.0,2.0,1.0,2.0,No,No,No,Yes,Yes,Yes,Yes,No,No,Yes,Yes,Yes,Yes,No,2,4,4,6,3,4.0,4.0,4.0,3.0,4.0,5.0,5.0,sitting during but jumped once when kong was being given to handler,Left,3.0,1.0,1.0,2.0,4.0,1.0,1.0,3.0,2.0,2.0,1.0,1.0,2.0,1.0,1.0,2.0,2.0,No,2.0,1.0,4.0,5.0,3.0,3.0,2.0,1.0,1.0,No,4.0,4.0,2.0,4.0,3.5,12.0,1.5,8.0,2.0,4.0,1.0,1.0,0.0,2.333333333333333,12.0,0.75,0.0,2.5,2.5,4.0,192,3.75,192.0,-0.25,2.75,30.0,2.5,4.0,1.75,8.0,1.5,4.0,1.3333333333333333,2.0,3.0,8.0,2.5,4.0,3.0,5.0,1.6666666666666667,3.0,1.0,4.333333333333333,80.0
Jojo,08-13-LJ,1,2019-09-23,A,LR,F,J1,IGDB,2018-07-03,2019-08-28,2019-11-29,93 days,AD,1.0,Success,14:56:40,0:14:13,2.0,5.0,1.0,2.0,2.0,1.0,1.0,2.0,2.0,4.0,2.0,2.0,3.0,3.0,No,No,No,Yes,No,Yes,No,No,Yes,No,No,No,No,No,3,3,3,3,3,3.0,2.0,3.0,3.0,3.0,6.0,5.0,"Whining, jumping up, backing up",Both,3.0,1.0,1.0,2.0,4.0,1.0,1.0,1.0,3.0,3.0,1.0,1.0,1.0,3.0,3.0,3.0,4.0,No,1.0,1.0,3.0,4.0,3.0,4.0,2.0,1.0,1.0,No,4.0,4.0,1.0,1.0,3.0,9.0,2.0,8.0,1.5,2.0,1.5,2.0,1.0,2.6666666666666665,16.0,1.5,0.0,1.1666666666666667,0.0,3.0,81,2.75,54.0,-0.25,2.75,30.0,2.5,4.0,3.0,48.0,1.5,3.0,3.0,27.0,2.0,3.0,2.0,3.0,2.5,4.0,1.6666666666666667,3.0,2.0,3.6666666666666665,48.0
Jojo,08-13-LJ,2,2019-11-14,A,LR,F,J1,IGDB,2018-07-03,2019-08-28,2019-11-29,93 days,AD,1.0,Success,14:22:15,0:13:19,2.0,5.0,1.0,1.0,2.0,1.0,1.0,2.0,2.0,3.0,1.0,1.0,4.0,3.0,No,No,Yes,No,No,No,No,No,Yes,No,No,No,No,No,3,2,1,2,1,2.0,1.0,1.0,1.0,1.0,4.0,5.0,"Loads of whining, jumping up at handler and then gets bored and starts exploring",None,4.0,3.0,5.0,2.0,8.0,2.0,1.0,1.0,4.0,3.0,1.0,1.0,1.0,4.0,1.0,3.0,4.0,No,1.0,1.0,5.0,3.0,4.0,3.0,2.0,3.0,1.0,No,6.0,3.0,1.0,1.0,1.0,1.0,0.0,0.0,1.5,2.0,1.5,2.0,-1.0,2.0,6.0,1.75,0.0,0.0,0.0,2.0,12,1.25,2.0,-0.75,4.0,200.0,5.0,16.0,3.0,48.0,1.75,4.0,2.6666666666666665,12.0,3.0,5.0,3.0,5.0,2.0,3.0,2.6666666666666665,12.0,1.0,4.666666666666667,90.0
Harry,08-01-LH,1,2019-09-18,B,LRxGR,M,H1,IGDB,2018-05-11,2019-08-21,2019-11-29,100 days,AD,1.0,Success,13:56:34,0:13:18,2.0,4.0,1.0,2.0,2.0,2.0,2.0,2.0,4.0,3.0,1.0,3.0,1.0,3.0,No,No,No,Yes,Yes,Yes,Yes,No,No,Yes,No,Yes,Yes,No,3,3,4,4,4,3.0,4.0,5.0,3.0,3.0,4.0,4.0,"sat, went to nudge kong ",Righ,4.0,1.0,1.0,2.0,6.0,3.0,1.0,4.0,3.0,2.0,1.0,1.0,1.0,1.0,1.0,2.0,2.0,No,1.0,1.0,1.0,3.0,2.0,4.0,2.0,1.0,1.0,No,4.0,4.0,2.0,4.0,3.0,9.0,1.0,5.0,1.5,2.0,2.5,6.0,-1.0,2.6666666666666665,12.0,1.0,0.0,2.5,2.1666666666666665,3.5,144,4.0,240.0,0.5,2.75,32.0,4.5,18.0,1.5,4.0,1.5,3.0,1.3333333333333333,2.0,1.0,1.0,1.0,1.0,2.0,3.0,1.3333333333333333,2.0,2.0,2.6666666666666665,12.0
Harry,08-01-LH,2,2019-10-30,B,LRxGR,M,H1,IGDB,2018-05-11,2019-08-21,2019-11-29,100 days,AD,1.0,Success,13:34:19,0:16:23,1.0,5.0,1.0,1.0,2.0,2.0,2.0,3.0,2.0,4.0,1.0,3.0,1.0,3.0,No,No,No,Yes,Yes,No,Yes,No,No,Yes,Yes,Yes,Yes,No,6,5,4,5,3,4.0,3.0,3.0,2.0,3.0,5.0,4.0,sits,Left,3.0,3.0,2.0,2.0,5.0,2.0,1.0,4.0,3.0,1.0,1.0,1.0,1.0,1.0,1.0,1.0,1.0,No,1.0,1.0,1.0,1.0,5.0,1.0,1.0,1.0,1.0,No,1.0,4.0,2.0,4.0,2.5,6.0,0.5,2.0,1.0,1.0,1.5,2.0,-1.0,2.333333333333333,8.0,1.0,0.0,1.8333333333333333,2.5,5.0,600,3.25,108.0,-1.75,2.75,48.0,3.5,10.0,1.0,1.0,1.5,3.0,1.0,1.0,1.0,1.0,1.0,1.0,1.0,1.0,2.333333333333333,5.0,0.0,1.0,1.0
Irrie,09-01-LI,1,2019-10-02,A,LRxGR,F,I1,IGDB,2018-06-28,2019-09-04,2020-07-27,327 days,GD,2.0,Success,14:43:32,0:17:43,1.0,5.0,1.0,3.0,3.0,1.0,1.0,3.0,2.0,1.0,1.0,1.0,4.0,2.0,No,No,No,No,Yes,No,No,No,Yes,No,No,No,No,No,6,4,3,2,3,3.0,2.0,3.0,3.0,4.0,6.0,4.0,Excited and activated - regularly lift hind quarters off the floor and changing position. No terrible inappropriate behaviour shown and no jumping up. Didnt notice kong until shown by the handler as she was very distracted by the assessor that had passed with the teddy and/or food etc. ,None,3.0,1.0,1.0,2.0,6.0,2.0,1.0,1.0,3.0,2.0,1.0,1.0,1.0,,,2.0,2.0,No,1.0,2.0,3.0,4.0,3.0,4.0,2.0,,1.0,No,2.0,4.0,1.0,1.0,3.5,12.0,2.5,11.0,1.0,1.0,2.5,6.0,1.0,1.3333333333333333,2.0,1.5,0.0,0.6666666666666666,0.0,3.75,144,2.75,54.0,-1.0,2.5,24.0,4.0,12.0,2.25,16.0,1.5,3.0,2.0,2.0,2.0,3.0,2.5,6.0,3.0,8.0,2.0,3.0,2.0,3.0,24.0
Irrie,09-01-LI,2,2019-11-20,A,LRxGR,F,I1,IGDB,2018-06-28,2019-09-04,2020-07-27,327 days,GD,2.0,Success,15:34:00,0:15:00,2.0,5.0,1.0,2.0,3.0,2.0,2.0,2.0,2.0,1.0,1.0,1.0,4.0,3.0,No,No,No,Yes,Yes,No,No,No,Yes,No,No,No,No,No,4,4,2,3,3,3.0,2.0,3.0,3.0,5.0,6.0,4.0,briefly lifts hind quarters but good modulation,Left,3.0,1.0,1.0,2.0,8.0,3.0,1.0,1.0,2.0,1.0,2.0,1.0,1.0,1.0,1.0,1.0,3.0,No,1.0,1.0,3.0,2.0,3.0,3.0,3.0,1.0,1.0,No,2.0,3.0,2.0,4.0,4.0,15.0,2.0,11.0,1.5,2.0,2.5,6.0,-1.0,1.3333333333333333,2.0,1.75,0.0,1.0,0.0,3.25,96,2.75,54.0,-0.5,2.5,24.0,5.5,24.0,2.25,12.0,1.5,4.0,1.0,1.0,2.0,3.0,2.0,3.0,1.5,2.0,1.6666666666666667,3.0,0.0,2.333333333333333,12.0
Josie,09-03-LJ,1,2019-10-02,A,LR,F,J1,IGDB,2018-07-03,2019-09-04,2020-08-17,348 days,GD,2.0,Success,15:15:56,0:17:43,2.0,5.0,1.0,1.0,2.0,1.0,1.0,2.0,1.0,1.0,3.0,3.0,4.0,3.0,No,No,No,Yes,Yes,No,Yes,No,No,Yes,Yes,Yes,No,No,1,3,4,1,3,2.0,2.0,1.0,1.0,1.0,6.0,2.0,"At first seems partially interested but does turn attention away every now and then. Quickly loses interest, walks away/explores. Handler calls back and the dog gets more interested - higher activation and barking from excitement. ",Righ,3.0,2.0,1.0,2.0,5.0,2.0,1.0,1.0,2.0,5.0,1.0,2.0,4.0,3.0,4.0,3.0,4.0,No,1.0,1.0,5.0,4.0,5.0,1.0,3.0,1.0,5.0,No,4.0,3.0,1.0,1.0,1.0,1.0,0.0,0.0,1.5,2.0,1.5,2.0,-1.0,1.6666666666666667,3.0,1.75,0.0,1.8333333333333333,1.6666666666666667,2.25,12,2.0,12.0,-0.25,2.0,12.0,3.5,10.0,3.0,48.0,2.25,16.0,4.0,60.0,3.0,5.0,3.0,5.0,2.5,4.0,3.6666666666666665,25.0,-2.0,4.333333333333333,80.0
Jira,08-11-LJ,1,2019-09-23,B,LR,F,J1,IGDB,2018-07-03,2019-08-28,2020-02-03,159 days,GD,2.0,Success,14:03:02,0:13:59,1.0,5.0,1.0,2.0,1.0,1.0,1.0,3.0,2.0,3.0,3.0,3.0,2.0,3.0,No,No,No,Yes,Yes,Yes,Yes,Yes,No,Yes,Yes,No,No,No,4,5,5,6,3,4.0,4.0,6.0,4.0,5.0,7.0,2.0,sat,None,2.0,1.0,,2.0,4.0,1.0,1.0,1.0,2.0,4.0,1.0,1.0,3.0,2.0,4.0,3.0,2.0,No,1.0,1.0,3.0,4.0,5.0,1.0,2.0,2.0,4.0,No,2.0,4.0,1.0,1.0,4.5,20.0,3.5,19.0,1.0,1.0,1.5,2.0,1.0,2.6666666666666665,18.0,1.25,0.0,3.5,1.0,5.0,600,4.25,288.0,-0.75,2.0,8.0,2.5,4.0,2.5,24.0,1.75,6.0,3.333333333333333,32.0,2.0,3.0,2.0,3.0,2.5,4.0,3.6666666666666665,40.0,-1.0,3.0,24.0
Harmony,08-04-LH,1,2019-09-18,B,LRxGR,F,H1,IGDB,2018-05-11,2019-08-21,2019-11-29,100 days,AD,1.0,Success,14:38:57,0:12:20,3.0,3.0,2.0,,1.0,1.0,1.0,3.0,3.0,2.0,2.0,3.0,4.0,3.0,No,No,No,Yes,No,Yes,No,No,No,Yes,Yes,Yes,Yes,No,2,3,3,5,4,3.0,3.0,5.0,3.0,3.0,4.0,5.0,jumps at handler twice,None,3.0,1.0,1.0,2.0,5.0,2.0,1.0,3.0,3.0,1.0,1.0,1.0,1.0,1.0,1.0,2.0,2.0,No,1.0,1.0,3.0,4.0,3.0,3.0,1.0,1.0,1.0,No,1.0,4.0,1.0,1.0,3.0,9.0,2.0,8.0,2.5,6.0,2.0,2.0,,2.333333333333333,12.0,1.75,0.0,1.1666666666666667,2.5,3.25,90,3.75,180.0,0.5,2.75,30.0,3.5,10.0,1.75,8.0,1.5,3.0,1.0,1.0,2.0,3.0,2.0,3.0,2.5,4.0,1.6666666666666667,3.0,2.0,2.6666666666666665,12.0
Jazzi,09-04-LJ,1,2019-09-02,A,LR,F,J1,IGDB,2018-07-03,2019-09-04,2020-07-27,327 days,GD,2.0,Success,15:41:42,0:11:15,2.0,5.0,1.0,1.0,2.0,1.0,1.0,2.0,1.0,1.0,1.0,1.0,4.0,3.0,No,No,Yes,No,No,No,No,No,Yes,No,No,No,No,No,4,2,3,1,5,2.0,2.0,4.0,3.0,3.0,4.0,5.0,"Edging forward, backing up and going side to side. Small jumps on all fours. Doesnt jump up at handler but still overly interested ",Both,3.0,3.0,1.0,2.0,3.0,4.0,1.0,3.0,2.0,2.0,1.0,1.0,1.0,,1.0,1.0,2.0,No,1.0,1.0,4.0,4.0,5.0,1.0,2.0,3.0,1.0,No,4.0,3.0,1.0,1.0,3.0,9.0,2.0,8.0,1.5,2.0,2.5,4.0,-3.0,1.0,1.0,1.75,0.0,0.0,0.0,2.5,24,3.25,80.0,0.75,2.75,30.0,3.5,12.0,1.5,4.0,1.25,2.0,1.5,2.0,2.5,4.0,2.5,4.0,2.5,4.0,3.0,15.0,-1.0,4.0,64.0
Harmony,08-04-LH,2,2019-10-30,B,LRxGR,F,H1,IGDB,2018-05-11,2019-08-21,2019-11-29,100 days,AD,1.0,Success,13:05:00,0:17:43,1.0,5.0,1.0,2.0,3.0,2.0,2.0,2.0,4.0,4.0,1.0,3.0,4.0,3.0,No,No,No,Yes,Yes,Yes,Yes,No,No,Yes,Yes,Yes,Yes,No,4,4,4,4,2,3.0,3.0,4.0,3.0,2.0,5.0,5.0,"dog jump up on to get kong a few times, offers behaviours such as sits and downs  ",None,3.0,1.0,1.0,2.0,4.0,1.0,1.0,4.0,2.0,1.0,1.0,1.0,1.0,1.0,1.0,1.0,1.0,No,1.0,1.0,3.0,4.0,3.0,2.0,2.0,1.0,1.0,No,5.0,5.0,2.0,4.0,2.5,6.0,0.5,2.0,1.0,1.0,1.5,2.0,1.0,3.0,16.0,1.75,0.0,2.5,2.5,4.0,256,3.0,72.0,-1.0,2.75,30.0,2.5,4.0,1.0,1.0,1.25,2.0,1.0,1.0,2.0,3.0,2.0,3.0,2.5,4.0,1.6666666666666667,3.0,0.0,4.0,60.0
Josie,09-03-LJ,2,2019-11-20,A,LR,F,J1,IGDB,2018-07-03,2019-09-04,2020-08-17,348 days,GD,2.0,Success,14:43:14,0:14:30,1.0,5.0,1.0,1.0,1.0,1.0,1.0,2.0,1.0,3.0,3.0,2.0,4.0,3.0,No,No,No,No,Yes,No,No,No,Yes,No,No,No,No,No,1,2,2,4,1,3.0,2.0,3.0,2.0,3.0,4.0,4.0,changing position - backing up etc. Lifting hindquarters very briefly. No truly inappropriate behaviour shown - good modulation,None,3.0,2.0,1.0,2.0,5.0,3.0,1.0,1.0,4.0,4.0,2.0,1.0,2.0,4.0,1.0,3.0,3.0,No,1.0,1.0,4.0,4.0,4.0,1.0,2.0,2.0,2.0,No,5.0,3.0,1.0,1.0,2.5,6.0,1.5,5.0,1.0,1.0,2.0,3.0,-2.0,2.333333333333333,9.0,1.75,0.0,0.6666666666666666,0.0,2.25,16,2.25,18.0,0.0,2.5,24.0,4.0,15.0,2.75,36.0,2.25,16.0,3.0,16.0,2.5,4.0,2.5,4.0,2.5,4.0,2.6666666666666665,16.0,-1.0,4.333333333333333,80.0
Jazzi,09-04-LJ,2,2019-11-20,A,LR,F,J1,IGDB,2018-07-03,2019-09-04,2020-07-27,327 days,GD,2.0,Success,14:17:08,0:16:38,2.0,5.0,1.0,2.0,3.0,2.0,2.0,2.0,4.0,4.0,4.0,4.0,3.0,4.0,No,No,No,Yes,No,Yes,No,No,Yes,No,No,No,No,No,3,4,3,1,3,4.0,2.0,4.0,3.0,3.0,6.0,2.0,Does lift hind quarters briefly when handler began talking. Definitely very engaged with the kong but keeps sitting.,Left,3.0,2.0,2.0,2.0,3.0,1.0,1.0,2.0,2.0,2.0,1.0,1.0,1.0,2.0,1.0,2.0,2.0,No,1.0,1.0,3.0,4.0,5.0,1.0,2.0,4.0,1.0,No,4.0,3.0,2.0,4.0,3.0,9.0,1.0,5.0,1.5,2.0,1.5,2.0,1.0,4.0,64.0,1.75,0.0,1.1666666666666667,0.0,2.75,36,3.25,96.0,0.5,2.25,24.0,2.0,3.0,2.0,12.0,1.25,2.0,1.6666666666666667,4.0,2.0,3.0,2.0,3.0,2.5,4.0,3.333333333333333,20.0,-1.0,3.6666666666666665,48.0
Jira,08-11-LJ,2,2019-11-06,B,LR,F,J1,IGDB,2018-07-03,2019-08-28,2020-02-03,159 days,GD,2.0,Success,14:37:42,0:16:57,,,,,2.0,2.0,1.0,3.0,2.0,3.0,4.0,4.0,4.0,3.0,No,No,No,Yes,Yes,No,Yes,Yes,No,Yes,Yes,No,Yes,Yes,1,4,5,6,6,4.0,3.0,5.0,3.0,5.0,5.0,2.0,dog sits,None,3.0,3.0,1.0,2.0,4.0,1.0,1.0,3.0,3.0,2.0,1.0,1.0,3.0,2.0,1.0,2.0,2.0,No,2.0,1.0,4.0,5.0,5.0,1.0,1.0,2.0,4.0,No,4.0,4.0,1.5,2.0,4.0,15.0,2.5,13.0,,1.0,1.0,1.0,,3.0,24.0,1.75,0.0,2.833333333333333,2.833333333333333,4.0,120,4.5,360.0,0.5,2.0,12.0,2.5,4.0,1.75,8.0,2.0,9.0,1.6666666666666667,4.0,3.0,8.0,2.5,4.0,3.0,5.0,3.6666666666666665,40.0,0.0,4.333333333333333,80.0
Jane,10-04-LJ,1,2019-10-24,A,LR,F,J1,IGDB,2018-07-03,2019-10-02,2020-02-14,135 days,AD,1.0,Success,14:44:43,0:13:32,2.0,5.0,1.0,1.0,2.0,1.0,1.0,3.0,1.0,3.0,3.0,4.0,4.0,4.0,No,No,Yes,No,No,No,No,No,Yes,No,No,No,No,No,3,2,3,5,2,2.0,2.0,3.0,2.0,2.0,4.0,2.0,Dog on lead. Anxious behaviour - lip smacking and moving head closer>> maintains sit nicely though,Left,3.0,1.0,1.0,3.0,4.0,1.0,1.0,2.0,3.0,3.0,1.0,1.0,1.0,3.0,1.0,2.0,2.0,No,1.0,1.0,2.0,4.0,4.0,3.0,2.0,1.0,1.0,No,2.0,4.0,1.0,1.0,2.0,4.0,1.0,3.0,1.5,2.0,1.0,1.0,0.0,2.333333333333333,9.0,2.0,0.0,0.0,0.0,3.25,90,2.25,24.0,-1.0,2.25,18.0,2.5,4.0,2.0,12.0,1.5,3.0,2.333333333333333,9.0,1.5,2.0,1.5,2.0,2.5,4.0,2.0,4.0,1.0,2.6666666666666665,16.0
Hayley,08-12-LH,1,2019-09-23,B,LRxGR,F,H1,IGDB,2018-05-11,2019-08-28,2019-12-04,98 days,W,0.0,Fail,13:26:55,0:16:02,2.0,4.0,1.0,1.0,3.0,4.0,4.0,1.0,1.0,2.0,3.0,2.0,,3.0,No,No,No,Yes,Yes,Yes,Yes,No,No,Yes,Yes,Yes,Yes,Yes,4,3,3,4,3,3.0,3.0,4.0,3.0,3.0,4.0,5.0,jumps at handler twice,Left,3.0,1.0,1.0,2.0,7.0,4.0,4.0,,,,,,,,,,,,1.0,1.0,3.0,4.0,4.0,1.0,3.0,1.0,4.0,No,4.0,4.0,4.0,16.0,3.0,9.0,-1.0,-7.0,1.5,2.0,2.5,4.0,-3.0,2.0,6.0,1.0,0.0,2.5,3.5,3.5,144,3.25,108.0,-0.25,2.75,30.0,5.5,28.0,4.0,4.0,,1.0,,1.0,2.0,3.0,2.0,3.0,2.5,4.0,3.0,16.0,-2.0,3.6666666666666665,48.0
Jane,10-04-LJ,2,2020-01-08,A,LR,F,J1,IGDB,2018-07-03,2019-10-02,2020-02-14,135 days,AD,1.0,Success,13:53:52,0:16:30,2.0,5.0,2.0,1.0,1.0,1.0,1.0,2.0,2.0,4.0,4.0,4.0,4.0,3.0,No,No,Yes,No,No,No,No,No,Yes,No,No,No,No,No,3,3,4,5,2,2.0,1.0,3.0,2.0,3.0,5.0,2.0,Handler holds the kong directly infront on the dogs face rather than at chest height. For this reason the dog actually behaved amazingly seeing as she only lifted her hind-quarters briefly once. Dog on lead,Righ,4.0,1.0,1.0,3.0,1.0,1.0,2.0,2.0,3.0,1.0,1.0,1.0,1.0,,1.0,1.0,2.0,No,1.0,1.0,3.0,4.0,5.0,2.0,2.0,,1.0,No,4.0,3.0,1.0,1.0,2.5,6.0,1.5,5.0,2.0,4.0,1.0,1.0,0.0,3.333333333333333,32.0,1.75,0.0,0.0,0.0,3.75,180,2.0,12.0,-1.75,2.5,24.0,1.0,1.0,2.0,12.0,1.5,3.0,1.0,1.0,2.0,3.0,2.0,3.0,2.5,4.0,3.0,5.0,0.0,3.6666666666666665,48.0
Hayley,08-12-LH,2,2019-11-06,B,LRxGR,F,H1,IGDB,2018-05-11,2019-08-28,2019-12-04,98 days,W,0.0,Fail,15:13:24,0:20:23,2.0,4.0,1.0,1.0,2.0,1.0,1.0,2.0,2.0,4.0,3.0,3.0,3.0,3.0,No,No,No,Yes,Yes,Yes,Yes,Yes,No,Yes,Yes,Yes,No,Yes,2,4,4,3,3,3.0,4.0,3.0,2.0,2.0,5.0,5.0,dog jumps twice at handler,None,3.0,1.0,2.0,2.0,7.0,3.0,2.0,3.0,2.0,2.0,1.0,1.0,1.0,2.0,1.0,2.0,2.0,No,2.0,1.0,3.0,5.0,5.0,1.0,2.0,4.0,2.0,No,5.0,4.0,1.0,1.0,2.0,4.0,1.0,3.0,1.5,2.0,2.0,3.0,-2.0,3.0,24.0,1.5,0.0,3.5,2.6666666666666665,3.25,96,3.25,108.0,0.0,3.0,60.0,5.0,21.0,2.0,16.0,1.25,2.0,1.6666666666666667,4.0,2.5,6.0,2.0,3.0,3.0,5.0,3.6666666666666665,40.0,-1.0,4.333333333333333,75.0
Idris,10-14-LI,1,2019-11-06,B,LRxGR,M,I1,IGDB,2018-06-28,2019-10-17,2020-02-12,118 days,W,0.0,Fail,13:58:19,0:14:01,2.0,3.0,2.0,1.0,1.0,1.0,1.0,2.0,2.0,2.0,4.0,3.0,4.0,3.0,No,No,No,Yes,Yes,Yes,Yes,No,No,Yes,Yes,No,No,No,3,4,4,4,3,3.0,3.0,4.0,3.0,3.0,5.0,4.0,sits and then goes down ,Left,3.0,3.0,1.0,2.0,5.0,,1.0,2.0,4.0,1.0,1.0,2.0,1.0,1.0,1.0,2.0,2.0,No,1.0,1.0,3.0,4.0,5.0,1.0,4.0,1.0,1.0,No,5.0,4.0,1.0,1.0,3.0,9.0,2.0,8.0,2.0,4.0,1.0,1.0,,2.6666666666666665,16.0,1.75,0.0,2.5,1.0,3.75,192,3.25,108.0,-0.5,2.5,24.0,5.0,5.0,2.0,12.0,2.0,8.0,1.0,1.0,2.0,3.0,2.0,3.0,2.5,4.0,2.333333333333333,5.0,-3.0,4.0,60.0
Idris,10-14-LI,2,2020-01-09,B,LRxGR,M,I1,IGDB,2018-06-28,2019-10-17,2020-02-12,118 days,W,0.0,Fail,15:27:14,0:13:30,1.0,5.0,1.0,2.0,2.0,1.0,1.0,2.0,3.0,2.0,4.0,3.0,2.0,3.0,No,No,No,Yes,Yes,No,No,No,No,Yes,Yes,No,No,No,4,4,4,5,2,3.0,3.0,3.0,2.0,3.0,5.0,2.0,sat and then went into a down,Left,3.0,1.0,1.0,2.0,5.0,1.0,1.0,3.0,3.0,1.0,1.0,1.0,1.0,1.0,1.0,2.0,2.0,No,1.0,1.0,3.0,4.0,3.0,3.0,2.0,1.0,1.0,No,4.0,4.0,1.0,1.0,2.5,6.0,1.5,5.0,1.0,1.0,1.5,2.0,1.0,3.0,24.0,1.25,0.0,1.0,1.0,4.25,320,2.75,54.0,-1.5,2.0,12.0,3.0,5.0,1.75,8.0,1.5,3.0,1.0,1.0,2.0,3.0,2.0,3.0,2.5,4.0,1.6666666666666667,3.0,1.0,3.6666666666666665,48.0
July,10-03-LJ,1,2019-10-30,B,LR,F,J1,IGDB,2018-07-03,2019-10-17,2020-06-08,235 days,AD,1.0,Success,14:43:59,0:13:20,1.0,5.0,1.0,2.0,3.0,1.0,1.0,3.0,1.0,4.0,2.0,3.0,4.0,3.0,No,No,No,Yes,Yes,Yes,No,No,No,No,No,No,No,No,4,4,1,5,2,3.0,2.0,3.0,3.0,5.0,5.0,5.0,"sat, jumped up a few times",Left,3.0,3.0,1.0,2.0,5.0,3.0,1.0,2.0,2.0,4.0,1.0,1.0,1.0,4.0,1.0,3.0,2.0,No,1.0,1.0,3.0,4.0,4.0,2.0,2.0,3.0,1.0,No,4.0,4.0,1.0,1.0,4.0,15.0,3.0,14.0,1.0,1.0,2.5,6.0,-1.0,2.333333333333333,8.0,1.75,0.0,1.6666666666666667,0.1666666666666666,3.5,80,2.5,36.0,-1.0,2.75,30.0,4.0,15.0,2.25,18.0,1.25,2.0,3.0,16.0,2.0,3.0,2.0,3.0,2.5,4.0,2.6666666666666665,12.0,0.0,3.6666666666666665,48.0
Kirby,10-15-LK,1,2019-11-01,A,LRxGR,M,K1,IGDB,2018-08-02,2019-10-09,2020-07-20,285 days,AD,1.0,Success,13:41:02,0:17:23,2.0,5.0,2.0,1.0,1.0,1.0,1.0,2.0,3.0,2.0,4.0,4.0,4.0,4.0,No,No,No,No,Yes,No,No,No,No,Yes,Yes,No,No,No,3,3,3,5,2,2.0,2.0,5.0,2.0,3.0,5.0,2.0,Sat and then lay down - no inappropriate behaviour at all. Stared very intently at the kong and showed a definite interest.,None,3.0,3.0,1.0,2.0,4.0,1.0,1.0,5.0,2.0,1.0,1.0,1.0,1.0,1.0,1.0,1.0,1.0,No,1.0,1.0,3.0,4.0,5.0,1.0,2.0,2.0,3.0,No,5.0,4.0,1.0,1.0,2.5,6.0,1.5,5.0,2.0,4.0,1.0,1.0,0.0,3.0,24.0,2.0,0.0,0.6666666666666666,1.0,3.5,135,2.75,40.0,-0.75,2.0,12.0,2.5,4.0,0.75,0.0,1.25,2.0,1.0,1.0,2.0,3.0,2.0,3.0,2.5,4.0,3.333333333333333,30.0,-1.0,4.0,60.0
Kirby,10-15-LK,2,2020-01-08,A,LRxGR,M,K1,IGDB,2018-08-02,2019-10-09,2020-07-20,285 days,AD,1.0,Success,13:26:19,0:13:37,3.0,5.0,1.0,1.0,3.0,2.0,2.0,3.0,3.0,1.0,4.0,1.0,4.0,4.0,No,No,Yes,No,Yes,No,No,No,Yes,No,No,No,No,No,2,3,1,1,2,2.0,2.0,4.0,2.0,3.0,4.0,4.0,"Dog kept on lead. Intense starting, backing up very slightly and a very quick slight and soft whine.",None,3.0,1.0,1.0,2.0,4.0,1.0,2.0,4.0,2.0,1.0,1.0,1.0,1.0,1.0,1.0,1.0,1.0,No,1.0,1.0,3.0,4.0,4.0,2.0,3.0,,1.0,No,4.0,4.0,2.0,4.0,2.5,6.0,0.5,2.0,2.0,3.0,1.0,1.0,0.0,2.6666666666666665,12.0,2.0,0.0,0.5,0.0,1.75,6,2.5,32.0,0.75,2.5,24.0,2.5,4.0,1.25,2.0,1.25,2.0,1.0,1.0,2.0,3.0,2.0,3.0,2.5,4.0,2.5,4.0,-1.0,3.6666666666666665,48.0
Kacie,10-31-LK,1,2019-11-14,A,LRxGR,F,K1,IGDB,2018-08-02,2019-10-24,2020-06-08,228 days,AD,1.0,Success,14:43:36,0:13:49,1.0,5.0,1.0,1.0,3.0,1.0,1.0,2.0,1.0,1.0,4.0,2.0,4.0,3.0,No,No,No,Yes,Yes,No,Yes,No,No,Yes,Yes,Yes,Yes,No,3,4,1,3,4,5.0,3.0,2.0,4.0,4.0,6.0,5.0,"Very restless - jumps up, backs up, whines and when she thinks shes not getting her way she explores",None,4.0,3.0,3.0,2.0,4.0,1.0,1.0,2.0,4.0,3.0,1.0,1.0,1.0,2.0,3.0,3.0,3.0,No,1.0,1.0,4.0,4.0,5.0,1.0,2.0,2.0,4.0,No,5.0,3.0,1.0,1.0,4.0,16.0,3.0,15.0,1.0,1.0,1.0,1.0,0.0,2.0,4.0,1.75,0.0,1.8333333333333333,2.5,2.75,36,3.5,120.0,0.75,3.5,120.0,2.5,4.0,2.5,27.0,1.75,4.0,2.6666666666666665,18.0,2.5,4.0,2.5,4.0,2.5,4.0,3.6666666666666665,40.0,-1.0,4.333333333333333,80.0
Kacie,10-31-LK,2,2020-01-09,A,LRxGR,F,K1,IGDB,2018-08-02,2019-10-24,2020-06-08,228 days,AD,1.0,Success,12:48:54,0:13:27,1.0,5.0,1.0,1.0,3.0,2.0,2.0,2.0,3.0,4.0,3.0,2.0,3.0,3.0,No,No,No,Yes,Yes,No,Yes,No,Yes,No,Yes,No,No,No,2,4,3,4,2,3.0,1.0,2.0,3.0,3.0,6.0,4.0,Dog kept on lead. Some whining but brief and mild - tries to lie down and get attention in order to get the kong but wasnt over the top or inappropriate,None,3.0,1.0,1.0,2.0,5.0,1.0,1.0,3.0,3.0,1.0,1.0,1.0,1.0,1.0,1.0,1.0,1.0,No,1.0,1.0,4.0,3.0,5.0,1.0,1.0,,1.0,No,5.0,3.0,2.0,4.0,3.0,9.0,1.0,5.0,1.0,1.0,1.0,1.0,0.0,3.333333333333333,36.0,1.5,0.0,1.8333333333333333,0.3333333333333333,3.25,96,2.0,12.0,-1.25,2.5,24.0,3.0,5.0,1.25,2.0,1.5,3.0,1.0,1.0,2.5,4.0,2.5,4.0,2.0,3.0,3.0,5.0,0.0,4.0,60.0
July,10-03-LJ,2,2020-01-08,B,LR,F,J1,IGDB,2018-07-03,2019-10-17,2020-06-08,235 days,AD,1.0,Success,13:02:41,0:14:33,1.0,4.0,2.0,1.0,1.0,1.0,1.0,3.0,3.0,3.0,4.0,3.0,4.0,3.0,No,No,No,Yes,Yes,Yes,No,No,Yes,Yes,No,No,No,No,1,4,1,5,2,3.0,1.0,4.0,3.0,3.0,5.0,5.0,dog jumps up,None,3.0,1.0,1.0,2.0,5.0,2.0,2.0,3.0,2.0,3.0,1.0,2.0,1.0,2.0,1.0,2.0,2.0,No,1.0,1.0,2.0,3.0,3.0,3.0,2.0,2.0,1.0,No,3.0,4.0,1.0,1.0,3.0,9.0,2.0,8.0,1.5,2.0,1.5,2.0,-1.0,3.333333333333333,36.0,1.75,0.0,1.6666666666666667,0.5,2.75,20,2.5,24.0,-0.25,2.75,30.0,3.5,10.0,2.0,16.0,1.5,4.0,2.0,6.0,1.5,2.0,1.5,2.0,2.0,3.0,2.0,6.0,1.0,2.6666666666666665,18.0
Meeko,11-02-IM,1,2019-12-18,A,LR,M,M1,IGDB,2018-08-25,2019-11-04,2020-05-29,207 days,W,0.0,Fail,14:06:42,0:14:55,3.0,5.0,2.0,2.0,3.0,1.0,1.0,3.0,2.0,2.0,3.0,2.0,2.0,4.0,No,No,No,Yes,Yes,No,No,No,No,Yes,Yes,No,No,No,4,3,2,4,4,4.0,2.0,3.0,2.0,2.0,6.0,2.0,Moves position and stares intensely,,,1.0,,,3.0,3.0,2.0,2.0,3.0,1.0,1.0,1.0,1.0,1.0,1.0,1.0,2.0,No,1.0,1.0,4.0,4.0,5.0,1.0,2.0,1.0,1.0,No,5.0,3.0,1.0,1.0,2.0,4.0,1.0,3.0,2.5,6.0,2.5,6.0,-1.0,2.333333333333333,12.0,1.5,0.0,1.0,1.0,3.25,96,3.25,96.0,0.0,2.0,2.0,3.0,9.0,2.0,12.0,1.5,3.0,1.0,1.0,2.5,4.0,2.5,4.0,2.5,4.0,2.333333333333333,5.0,-1.0,4.333333333333333,80.0
Kelvin,10-13-LK,1,2019-11-01,B,LRxGR,M,K1,IGDB,2018-08-02,2019-10-07,2020-06-22,259 days,GD,2.0,Success,14:16:41,0:15:40,2.0,4.0,1.0,,1.0,2.0,2.0,2.0,4.0,2.0,2.0,2.0,4.0,3.0,No,No,No,Yes,Yes,Yes,Yes,No,No,Yes,Yes,Yes,Yes,Yes,6,5,4,3,6,4.0,4.0,,4.0,5.0,6.0,4.0,"sits and breaks it to move nearer to handler, nudges handler ",Both,3.0,1.0,1.0,3.0,6.0,2.0,1.0,2.0,2.0,4.0,1.0,1.0,1.0,2.0,4.0,3.0,2.0,No,1.0,1.0,3.0,5.0,3.0,3.0,3.0,2.0,4.0,No,5.0,4.0,2.0,4.0,4.5,20.0,2.5,16.0,1.5,2.0,2.0,2.0,,2.6666666666666665,16.0,1.75,0.0,2.5,3.5,4.5,360,4.666666666666667,96.0,-0.3333333333333333,2.75,36.0,4.0,12.0,2.25,18.0,1.25,2.0,3.333333333333333,32.0,2.0,3.0,2.0,3.0,3.0,5.0,3.0,24.0,0.0,4.333333333333333,75.0
Kelvin,10-13-LK,2,2020-01-09,B,LRxGR,M,K1,IGDB,2018-08-02,2019-10-07,2020-06-22,259 days,GD,2.0,Success,14:43:49,0:14:33,2.0,4.0,1.0,,1.0,2.0,2.0,2.0,3.0,2.0,4.0,3.0,4.0,4.0,No,No,No,Yes,Yes,Yes,Yes,Yes,No,Yes,Yes,Yes,Yes,Yes,6,5,4,6,2,4.0,3.0,3.0,3.0,5.0,6.0,5.0,"dog jumps up at handler, sits, down, sits",None,3.0,3.0,1.0,2.0,6.0,2.0,1.0,1.0,2.0,4.0,1.0,1.0,3.0,2.0,5.0,3.0,3.0,No,1.0,1.0,4.0,5.0,4.0,2.0,4.0,2.0,4.0,No,6.0,5.0,2.0,4.0,4.0,15.0,2.0,11.0,1.5,2.0,2.0,2.0,,3.0,24.0,2.0,0.0,3.5,3.5,5.25,720,3.0,72.0,-2.25,2.75,30.0,4.0,12.0,2.75,36.0,1.75,6.0,3.6666666666666665,40.0,2.5,4.0,2.5,4.0,3.0,5.0,3.333333333333333,32.0,-2.0,5.0,120.0
Meeko,11-02-IM,2,2020-01-16,A,LR,M,M1,IGDB,2018-08-25,2019-11-04,2020-05-29,207 days,W,0.0,Fail,14:41:37,0:16:41,3.0,5.0,1.0,1.0,3.0,1.0,1.0,3.0,1.0,2.0,1.0,1.0,2.0,3.0,No,No,No,Yes,Yes,No,No,No,No,No,Yes,No,No,No,2,3,4,4,3,2.0,2.0,2.0,2.0,2.0,5.0,2.0,Staring intently - does avert attention for a few seconds but reverts back to starting at kong. Good behaviour shown - no breaks in the sit or shifting weight or moving. ,Both,3.0,1.0,2.0,2.0,3.0,4.0,1.0,4.0,3.0,1.0,1.0,1.0,1.0,1.0,1.0,1.0,1.0,No,1.0,1.0,3.0,3.0,2.0,4.0,1.0,1.0,1.0,No,4.0,4.0,1.0,1.0,2.0,4.0,1.0,3.0,2.0,3.0,2.5,4.0,-3.0,1.3333333333333333,2.0,1.25,0.0,1.0,0.5,3.25,96,2.25,24.0,-1.0,2.25,24.0,3.5,12.0,1.0,1.0,1.5,3.0,1.0,1.0,2.0,3.0,2.0,3.0,2.0,3.0,1.3333333333333333,2.0,3.0,3.333333333333333,36.0
Kain,11-11-IK,1,2019-12-18,A,LRxGR,M,K1,IGDB,2018-08-02,2019-11-12,2020-07-15,246 days,AD,1.0,Success,14:35:47,0:15:11,2.0,4.0,1.0,2.0,3.0,1.0,1.0,2.0,3.0,3.0,3.0,1.0,4.0,3.0,No,No,No,Yes,Yes,No,Yes,No,No,Yes,Yes,No,Yes,Yes,6,5,5,6,6,4.0,4.0,6.0,4.0,5.0,6.0,5.0,Jumps up at handler in the beginner - does modulate but I dont think he would have maintained much longer than he did. ,Left,4.0,1.0,2.0,2.0,4.0,4.0,3.0,2.0,2.0,1.0,1.0,1.0,1.0,1.0,1.0,1.0,2.0,No,1.0,1.0,3.0,4.0,5.0,1.0,2.0,1.0,1.0,No,5.0,3.0,1.0,1.0,4.5,20.0,3.5,19.0,1.5,2.0,3.0,8.0,-2.0,3.0,27.0,1.75,0.0,1.8333333333333333,2.833333333333333,5.5,900,5.0,576.0,-0.5,3.25,80.0,4.0,16.0,2.25,18.0,1.25,2.0,1.0,1.0,2.0,3.0,2.0,3.0,2.5,4.0,2.333333333333333,5.0,-1.0,4.0,60.0
Katie,11-21-IK,1,2019-12-12,B,LRxGR,F,K1,IGDB,2018-08-02,2019-11-19,2020-06-08,202 days,AD,1.0,Success,14:38:08,0:14:19,1.0,5.0,1.0,1.0,2.0,2.0,2.0,1.0,2.0,2.0,2.0,2.0,2.0,3.0,No,No,No,Yes,Yes,Yes,Yes,No,No,No,Yes,Yes,No,No,4,4,4,4,3,3.0,3.0,3.0,3.0,4.0,5.0,5.0,"sits, jumps at handler, down, sits, down, sits",None,3.0,3.0,2.0,2.0,5.0,2.0,1.0,3.0,2.0,2.0,1.0,1.0,1.0,2.0,1.0,2.0,2.0,No,1.0,1.0,2.0,3.0,2.0,4.0,3.0,2.0,1.0,No,4.0,4.0,2.0,4.0,3.5,12.0,1.5,8.0,1.0,1.0,1.5,2.0,-1.0,2.0,8.0,1.25,0.0,2.5,1.1666666666666667,4.0,256,3.0,81.0,-1.0,3.0,60.0,3.5,10.0,1.75,8.0,1.25,2.0,1.6666666666666667,4.0,1.5,2.0,1.5,2.0,2.0,3.0,1.6666666666666667,4.0,1.0,3.0,24.0
Kaiser,11-24-IK,1,2019-12-13,A,LRxGR,M,K1,IGDB,2018-08-02,2019-11-20,2020-07-20,243 days,GD,2.0,Success,14:36:49,0:16:19,2.0,5.0,2.0,1.0,3.0,2.0,2.0,1.0,3.0,1.0,1.0,1.0,4.0,4.0,No,No,No,Yes,Yes,No,Yes,No,Yes,No,Yes,No,Yes,No,6,4,4,4,1,2.0,3.0,4.0,4.0,5.0,6.0,5.0,"Activated, lip smacking, whining, barking, attention seeking, jumping up at handler",None,4.0,3.0,3.0,3.0,7.0,2.0,2.0,1.0,3.0,2.0,1.0,1.0,1.0,2.0,1.0,2.0,3.0,No,1.0,1.0,3.0,3.0,4.0,3.0,2.0,2.0,1.0,No,2.0,4.0,2.0,4.0,4.5,20.0,2.5,16.0,2.0,4.0,1.5,2.0,-1.0,1.6666666666666667,3.0,2.0,0.0,1.8333333333333333,1.1666666666666667,4.5,384,2.5,24.0,-2.0,3.75,180.0,4.5,14.0,2.75,48.0,1.5,3.0,1.6666666666666667,4.0,2.0,3.0,2.0,3.0,2.0,3.0,2.333333333333333,8.0,1.0,2.6666666666666665,18.0
Katie,11-21-IK,2,2020-01-28,B,LRxGR,F,K1,IGDB,2018-08-02,2019-11-19,2020-06-08,202 days,AD,1.0,Success,12:38:33,0:15:14,1.0,5.0,1.0,1.0,2.0,3.0,2.0,2.0,1.0,2.0,3.0,3.0,4.0,1.0,No,No,No,No,No,Yes,No,No,No,No,No,Yes,No,No,4,4,3,6,3,3.0,3.0,6.0,4.0,5.0,6.0,5.0,"jumps up for kong when being handed in, sits, downs, ",Righ,3.0,3.0,2.0,3.0,6.0,2.0,1.0,3.0,2.0,3.0,1.0,2.0,1.0,3.0,1.0,2.0,2.0,No,1.0,3.0,2.0,3.0,2.0,4.0,4.0,1.0,1.0,No,4.0,5.0,2.5,6.0,4.5,20.0,2.0,14.0,1.0,1.0,1.5,2.0,-1.0,2.0,6.0,1.25,0.0,0.8333333333333334,0.8333333333333334,4.25,288,3.75,162.0,-0.5,3.25,90.0,4.0,12.0,1.75,8.0,1.5,4.0,2.333333333333333,9.0,1.5,2.0,2.5,6.0,3.0,9.0,1.3333333333333333,2.0,0.0,3.0,24.0
Kain,11-11-IK,2,2020-01-16,A,LRxGR,M,K1,IGDB,2018-08-02,2019-11-12,2020-07-15,246 days,AD,1.0,Success,15:07:36,0:15:03,2.0,5.0,1.0,1.0,3.0,2.0,2.0,1.0,2.0,2.0,4.0,3.0,4.0,3.0,No,No,No,Yes,Yes,No,Yes,No,No,Yes,Yes,No,Yes,No,6,2,2,3,3,3.0,2.0,4.0,4.0,5.0,4.0,5.0,Jumping up at handler and staring very intently,Both,3.0,1.0,1.0,2.0,5.0,1.0,1.0,2.0,2.0,3.0,1.0,1.0,1.0,3.0,1.0,2.0,3.0,No,1.0,1.0,3.0,3.0,4.0,3.0,1.0,4.0,4.0,No,4.0,6.0,2.0,4.0,4.5,20.0,2.5,16.0,1.5,2.0,1.0,1.0,0.0,2.6666666666666665,16.0,1.75,0.0,1.8333333333333333,1.8333333333333333,3.25,72,3.0,72.0,-0.25,2.75,30.0,3.0,5.0,2.25,18.0,1.25,2.0,2.333333333333333,9.0,2.0,3.0,2.0,3.0,2.0,3.0,4.0,64.0,2.0,3.333333333333333,36.0
Meg,11-22-IM,1,2019-12-12,B,LR,F,M1,IGDB,2018-08-25,2019-11-19,2020-01-31,73 days,W,0.0,Fail,13:40:24,0:17:40,2.0,4.0,2.0,1.0,1.0,1.0,1.0,4.0,4.0,3.0,1.0,,4.0,3.0,No,No,No,Yes,Yes,No,No,No,No,Yes,Yes,Yes,No,No,4,4,3,4,3,4.0,3.0,3.0,2.0,2.0,5.0,2.0,sits,None,3.0,3.0,2.0,2.0,4.0,1.0,2.0,2.0,3.0,1.0,1.0,1.0,1.0,1.0,1.0,2.0,2.0,No,1.0,1.0,3.0,4.0,5.0,1.0,1.0,1.0,1.0,No,4.0,4.0,1.0,1.0,2.0,4.0,1.0,3.0,2.0,4.0,1.0,1.0,0.0,2.6666666666666665,12.0,1.75,0.0,1.0,1.6666666666666667,3.75,192,3.25,108.0,-0.5,2.25,24.0,2.5,4.0,2.25,24.0,1.5,3.0,1.0,1.0,2.0,3.0,2.0,3.0,2.5,4.0,2.333333333333333,5.0,0.0,3.6666666666666665,48.0
Tosh,11-23-IT,1,2019-12-12,B,GR,M,T1,GDBUK,2018-09-25,2019-11-19,2020-01-20,62 days,W,0.0,Fail,14:13:15,0:14:28,2.0,5.0,1.0,1.0,2.0,1.0,1.0,4.0,2.0,2.0,3.0,3.0,3.0,3.0,No,No,No,Yes,Yes,No,No,No,No,No,Yes,No,No,No,3,3,3,3,3,3.0,3.0,3.0,1.0,1.0,4.0,2.0,sits,Left,3.0,1.0,2.0,2.0,4.0,1.0,2.0,2.0,3.0,1.0,1.0,1.0,1.0,1.0,1.0,2.0,2.0,No,1.0,1.0,3.0,4.0,2.0,4.0,1.0,1.0,1.0,No,4.0,3.0,1.0,1.0,1.0,1.0,0.0,0.0,1.5,2.0,1.0,1.0,0.0,2.333333333333333,12.0,1.5,0.0,1.0,0.5,3.0,81,3.0,81.0,0.0,2.25,24.0,2.5,4.0,2.25,24.0,1.5,3.0,1.0,1.0,2.0,3.0,2.0,3.0,2.5,4.0,1.3333333333333333,2.0,3.0,3.6666666666666665,48.0
Lexie,11-26-IL,1,2019-12-12,B,LR,F,L1,IGDB,2018-08-17,2019-11-19,2020-07-20,244 days,AD,1.0,Success,13:12:41,0:14:00,1.0,5.0,1.0,1.0,1.0,1.0,2.0,4.0,3.0,3.0,4.0,4.0,3.0,2.0,No,Yes,No,Yes,Yes,Yes,Yes,No,No,No,Yes,No,No,No,4,5,3,1,1,4.0,1.0,1.0,2.0,5.0,7.0,4.0,sits,None,3.0,1.0,4.0,2.0,4.0,1.0,1.0,4.0,2.0,1.0,1.0,1.0,1.0,1.0,1.0,1.0,2.0,No,1.0,1.0,4.0,6.0,2.0,4.0,1.0,1.0,1.0,No,4.0,4.0,1.5,2.0,3.5,10.0,2.0,8.0,1.0,1.0,1.0,1.0,0.0,3.333333333333333,36.0,1.5,0.0,2.5,0.5,3.25,60,1.75,4.0,-1.5,3.25,96.0,2.5,4.0,1.25,2.0,1.25,2.0,1.0,1.0,2.5,4.0,2.5,4.0,3.5,6.0,1.3333333333333333,2.0,3.0,4.666666666666667,96.0
Kaiser,11-24-IK,2,2020-01-28,A,LRxGR,M,K1,IGDB,2018-08-02,2019-11-20,2020-07-20,243 days,GD,2.0,Success,13:47:44,0:14:06,2.0,5.0,1.0,2.0,2.0,2.0,2.0,1.0,2.0,4.0,4.0,3.0,4.0,4.0,No,No,No,Yes,Yes,No,Yes,No,No,Yes,Yes,No,Yes,No,2,2,3,5,5,2.0,2.0,4.0,4.0,4.0,4.0,4.0,"Whining, intense stare but maintains sit",Both,3.0,3.0,1.0,2.0,6.0,3.0,1.0,2.0,3.0,1.0,1.0,1.0,1.0,,1.0,2.0,2.0,No,1.0,3.0,3.0,4.0,4.0,2.0,3.0,,1.0,No,4.0,4.0,2.0,4.0,4.0,16.0,2.0,12.0,1.5,2.0,2.5,6.0,-1.0,3.333333333333333,32.0,2.0,0.0,1.8333333333333333,1.8333333333333333,3.0,60,3.25,80.0,0.25,2.5,24.0,4.5,18.0,2.0,12.0,1.5,3.0,1.0,1.0,2.0,3.0,3.0,9.0,3.5,12.0,2.5,4.0,-1.0,3.6666666666666665,48.0
Jessie,11-25-IJ,1,2019-12-13,A,LR,F,J1,IGDB,2018-07-03,2019-11-20,2020-07-31,254 days,GD,2.0,Success,14:07:16,0:14:54,3.0,5.0,2.0,1.0,1.0,1.0,1.0,2.0,1.0,1.0,2.0,1.0,4.0,3.0,No,No,No,Yes,Yes,No,No,No,Yes,No,No,No,No,No,1,3,2,4,1,2.0,2.0,2.0,2.0,3.0,3.0,2.0,Lay down after sitting staring for a while,None,3.0,3.0,1.0,2.0,6.0,1.0,1.0,1.0,4.0,2.0,1.0,1.0,1.0,2.0,1.0,2.0,2.0,No,1.0,1.0,2.0,4.0,4.0,2.0,3.0,3.0,1.0,No,5.0,3.0,1.0,1.0,2.5,6.0,1.5,5.0,2.5,6.0,1.0,1.0,0.0,1.3333333333333333,2.0,1.75,0.0,1.0,0.0,2.5,24,1.75,8.0,-0.75,2.0,12.0,3.5,6.0,2.25,16.0,1.75,4.0,1.6666666666666667,4.0,1.5,2.0,1.5,2.0,2.5,4.0,2.6666666666666665,12.0,-1.0,3.6666666666666665,40.0
Jessie,11-25-IJ,2,2020-01-28,A,LR,F,J1,IGDB,2018-07-03,2019-11-20,2020-07-31,254 days,GD,2.0,Success,14:45:38,0:12:23,2.0,5.0,1.0,1.0,2.0,1.0,1.0,2.0,2.0,1.0,3.0,2.0,4.0,3.0,No,No,Yes,No,No,No,No,No,Yes,No,No,No,No,No,3,2,3,5,1,2.0,2.0,4.0,2.0,3.0,4.0,2.0,Video cut short but from what was recorded - she was interested and looking but no breaking the sit and no inappropriate behaviour at all.,Left,2.0,1.0,1.0,2.0,5.0,1.0,1.0,1.0,4.0,4.0,2.0,3.0,3.0,2.0,1.0,2.0,3.0,No,1.0,1.0,3.0,4.0,5.0,1.0,2.0,2.0,1.0,No,4.0,4.0,1.0,1.0,2.5,6.0,1.5,5.0,1.5,2.0,1.0,1.0,0.0,2.0,6.0,1.75,0.0,0.0,0.0,3.25,90,2.25,16.0,-1.0,1.75,8.0,3.0,5.0,2.5,24.0,3.0,72.0,2.333333333333333,8.0,2.0,3.0,2.0,3.0,2.5,4.0,2.6666666666666665,10.0,-1.0,3.6666666666666665,48.0
Zander,11-28-IZ,1,2019-12-13,A,LR,M,Z2,Cesecah,2018-10-19,2019-11-18,2020-03-10,113 days,W,0.0,Fail,15:37:45,0:13:58,1.0,5.0,1.0,1.0,1.0,1.0,1.0,2.0,4.0,1.0,1.0,1.0,3.0,4.0,No,No,Yes,No,No,No,No,No,Yes,No,No,No,No,No,1,3,2,3,3,2.0,2.0,3.0,2.0,2.0,6.0,5.0,"Jumping up, sitting up on hind quarts (lifts forepaws off the floor), lying down, shifting and restless",,3.0,1.0,1.0,3.0,3.0,2.0,1.0,2.0,4.0,1.0,1.0,2.0,1.0,1.0,1.0,1.0,2.0,No,1.0,1.0,2.0,4.0,4.0,3.0,2.0,3.0,1.0,No,6.0,4.0,1.0,1.0,2.0,4.0,1.0,3.0,1.0,1.0,1.5,2.0,-1.0,2.0,4.0,1.75,0.0,0.0,0.0,2.25,18,2.5,36.0,0.25,3.0,45.0,2.5,6.0,1.75,6.0,2.0,8.0,1.0,1.0,1.5,2.0,1.5,2.0,2.5,4.0,2.6666666666666665,12.0,1.0,4.0,48.0
Zander,11-28-IZ,2,2020-01-28,A,LR,M,Z2,Cesecah,2018-10-19,2019-11-18,2020-03-10,113 days,W,0.0,Fail,14:13:55,0:15:04,2.0,5.0,1.0,1.0,2.0,1.0,1.0,2.0,4.0,2.0,2.0,3.0,4.0,3.0,No,No,No,Yes,Yes,No,No,No,No,Yes,Yes,No,No,No,3,3,2,4,2,2.0,1.0,3.0,3.0,3.0,6.0,4.0,Slight whine and quite restless and anxious to get the kong,None,4.0,2.0,1.0,2.0,6.0,1.0,1.0,1.0,1.0,2.0,1.0,1.0,1.0,2.0,1.0,2.0,2.0,No,1.0,1.0,3.0,3.0,3.0,4.0,1.0,2.0,1.0,No,4.0,3.0,1.0,1.0,3.0,9.0,2.0,8.0,1.5,2.0,1.0,1.0,0.0,2.6666666666666665,16.0,1.75,0.0,1.0,1.0,3.0,72,2.0,12.0,-1.0,2.75,32.0,3.5,6.0,2.25,16.0,1.0,1.0,1.6666666666666667,4.0,2.0,3.0,2.0,3.0,2.0,3.0,2.0,6.0,3.0,3.333333333333333,36.0
Kali,12-01-LK,1,2020-01-09,A,LRxGR,F,K1,IGDB,2018-08-02,2019-12-11,2020-06-29,201 days,GD,2.0,Success,13:09:10,0:13:35,,5.0,,1.0,3.0,2.0,2.0,2.0,4.0,1.0,4.0,2.0,4.0,2.0,No,No,No,Yes,Yes,Yes,No,No,Yes,No,No,No,No,No,4,4,4,1,1,5.0,2.0,1.0,3.0,4.0,6.0,4.0,"Would select n/a if it was here as the kong wasnt really introduced in the normal way, however, the initial reaction was high interest. ",Left,3.0,3.0,1.0,2.0,5.0,2.0,1.0,1.0,2.0,3.0,1.0,1.0,1.0,3.0,1.0,2.0,2.0,No,1.0,1.0,3.0,3.0,4.0,2.0,3.0,3.0,2.0,No,6.0,3.0,2.0,4.0,3.5,12.0,1.5,8.0,,1.0,1.5,2.0,-1.0,3.0,16.0,1.5,0.0,1.6666666666666667,0.0,3.25,64,2.25,10.0,-1.0,2.5,24.0,3.5,10.0,2.25,16.0,1.25,2.0,2.333333333333333,9.0,2.0,3.0,2.0,3.0,2.0,3.0,3.0,24.0,-1.0,4.0,54.0
Kali,12-01-LK,2,2020-02-19,A,LRxGR,F,K1,IGDB,2018-08-02,2019-12-11,2020-06-29,201 days,GD,2.0,Success,14:18:33,0:14:16,1.0,5.0,1.0,1.0,3.0,3.0,2.0,1.0,3.0,3.0,3.0,3.0,4.0,4.0,No,No,No,Yes,Yes,No,Yes,No,Yes,No,No,No,No,No,2,3,1,5,3,2.0,2.0,4.0,3.0,4.0,6.0,4.0,Intent stare and trying to do obedience to get handler to give kong,Left,3.0,3.0,1.0,2.0,5.0,2.0,1.0,2.0,1.0,1.0,1.0,1.0,1.0,1.0,1.0,1.0,2.0,No,1.0,1.0,4.0,3.0,4.0,3.0,3.0,2.0,1.0,Yes,4.0,4.0,2.5,6.0,3.5,12.0,1.0,6.0,1.0,1.0,1.5,2.0,-1.0,3.0,27.0,2.0,0.0,1.8333333333333333,0.0,2.75,30,2.75,48.0,0.0,2.5,24.0,3.5,10.0,1.75,6.0,1.0,1.0,1.0,1.0,2.5,4.0,2.5,4.0,2.0,3.0,2.333333333333333,8.0,0.0,3.6666666666666665,48.0
Meg,11-22-IM,2,2020-01-30,B,LR,F,M1,IGDB,2018-08-25,2019-11-19,2020-01-31,73 days,W,0.0,Fail,14:23:17,00:14:58,1.0,5.0,1.0,1.0,1.0,2.0,2.0,2.0,3.0,4.0,3.0,4.0,4.0,3.0,No,No,No,Yes,Yes,No,No,No,No,No,Yes,No,No,No,4,5,4,5,1,4.0,3.0,2.0,3.0,5.0,6.0,2.0,sits,Righ,3.0,1.0,2.0,2.0,4.0,1.0,1.0,2.0,3.0,1.0,1.0,2.0,1.0,1.0,1.0,2.0,2.0,No,1.0,1.0,3.0,4.0,5.0,1.0,1.0,1.0,1.0,No,4.0,4.0,2.0,4.0,4.0,15.0,2.0,11.0,1.0,1.0,1.0,1.0,0.0,3.333333333333333,36.0,1.75,0.0,1.0,0.5,4.5,400,2.5,24.0,-2.0,2.25,24.0,2.5,4.0,2.0,12.0,1.75,6.0,1.0,1.0,2.0,3.0,2.0,3.0,2.5,4.0,2.333333333333333,5.0,0.0,3.6666666666666665,48.0
Lexie,11-26-IL,2,2020-01-30,B,LR,F,L1,IGDB,2018-08-17,2019-11-19,2020-07-20,244 days,AD,1.0,Success,13:58:21,00:15:18,1.0,5.0,1.0,1.0,1.0,1.0,1.0,3.0,4.0,4.0,3.0,3.0,4.0,3.0,No,Yes,No,Yes,Yes,Yes,No,No,No,Yes,Yes,Yes,No,No,3,4,3,1,2,4.0,2.0,1.0,2.0,3.0,5.0,2.0,sits,None,3.0,3.0,2.0,2.0,4.0,1.0,1.0,3.0,3.0,3.0,1.0,1.0,2.0,2.0,1.0,2.0,2.0,No,1.0,1.0,4.0,5.0,2.0,4.0,3.0,1.0,1.0,No,5.0,4.0,1.0,1.0,2.5,6.0,1.5,5.0,1.0,1.0,1.0,1.0,0.0,3.6666666666666665,48.0,2.0,0.0,1.6666666666666667,1.6666666666666667,2.75,36,2.25,16.0,-0.5,2.25,24.0,2.5,4.0,1.75,8.0,1.75,6.0,2.0,6.0,2.5,4.0,2.5,4.0,3.0,5.0,1.3333333333333333,2.0,1.0,4.666666666666667,100.0
Tosh,11-23-IT,2,2020-01-28,B,GR,M,T1,GDBUK,2018-09-25,2019-11-19,2020-01-20,62 days,W,0.0,Fail,13:01:41,0:14:42,1.0,5.0,1.0,1.0,2.0,1.0,1.0,2.0,3.0,4.0,4.0,4.0,4.0,3.0,No,No,No,Yes,Yes,Yes,No,No,No,Yes,Yes,No,No,No,4,4,3,4,1,3.0,2.0,3.0,2.0,2.0,5.0,2.0,sits,Left,3.0,1.0,1.0,2.0,5.0,3.0,1.0,3.0,2.0,1.0,1.0,1.0,1.0,1.0,1.0,2.0,2.0,No,1.0,2.0,3.0,4.0,1.0,5.0,1.0,1.0,1.0,No,4.0,3.0,1.0,1.0,2.0,4.0,1.0,3.0,1.0,1.0,2.0,3.0,-2.0,3.6666666666666665,48.0,1.75,0.0,1.6666666666666667,1.0,3.75,192,2.25,18.0,-1.5,2.0,12.0,4.0,15.0,1.75,8.0,1.25,2.0,1.0,1.0,2.0,3.0,2.5,6.0,3.0,8.0,1.0,1.0,4.0,3.6666666666666665,48.0
Illana,11-27-II,1,2019-12-18,B,LRxGR,F,I1,IGDB,2018-06-28,2019-11-18,2020-07-15,240 days,AD,1.0,Success,13:08:40,0:18:56,1.0,5.0,1.0,1.0,3.0,2.0,2.0,2.0,3.0,1.0,1.0,1.0,4.0,2.0,,,No,Yes,Yes,Yes,Yes,No,No,Yes,Yes,Yes,No,No,6,5,4,6,6,,,5.0,3.0,5.0,5.0,2.0,sits,,3.0,1.0,1.0,2.0,5.0,3.0,1.0,3.0,3.0,1.0,1.0,1.0,3.0,1.0,1.0,2.0,2.0,No,2.0,1.0,2.0,3.0,3.0,3.0,2.0,1.0,1.0,No,3.0,3.0,2.0,4.0,4.0,15.0,2.0,11.0,1.0,1.0,2.0,3.0,-2.0,1.6666666666666667,3.0,3.0,8.0,2.5,1.6666666666666667,5.25,720,5.5,30.0,-0.5,2.0,12.0,4.0,15.0,1.75,8.0,2.0,9.0,1.0,1.0,2.0,4.0,1.5,2.0,2.0,3.0,1.6666666666666667,3.0,1.0,2.6666666666666665,18.0
Illana,11-27-II,2,2020-01-30,B,LRxGR,F,I1,IGDB,2018-06-28,2019-11-18,2020-07-15,240 days,AD,1.0,Success,13:30:03,0:15:33,2.0,4.0,1.0,1.0,2.0,3.0,2.0,2.0,3.0,1.0,1.0,1.0,4.0,3.0,No,No,No,Yes,Yes,No,No,No,No,Yes,Yes,Yes,No,No,4,4,3,4,4,4.0,1.0,3.0,3.0,4.0,5.0,2.0,sits,Left,3.0,3.0,2.0,2.0,4.0,2.0,1.0,2.0,3.0,1.0,1.0,2.0,1.0,1.0,1.0,2.0,2.0,No,1.0,1.0,1.0,2.0,2.0,4.0,2.0,1.0,1.0,No,4.0,4.0,2.5,6.0,3.5,12.0,1.0,6.0,1.5,2.0,1.5,2.0,-1.0,1.6666666666666667,3.0,1.75,0.0,1.0,1.6666666666666667,3.75,192,3.0,48.0,-0.75,2.25,24.0,3.0,8.0,2.0,12.0,1.75,6.0,1.0,1.0,1.0,1.0,1.0,1.0,1.5,2.0,1.3333333333333333,2.0,2.0,2.333333333333333,8.0
Zita,10-41-LZ,1,2020-10-30,B,LRxGR,F,Z7,GDBUK,2019-04-29,2020-10-05,2021-05-21,228 days,GD,2.0,Success,14:31:17,0:16:13,1.0,5.0,1.0,1.0,2.0,3.0,2.0,2.0,2.0,3.0,1.0,1.0,,3.0,Yes,Yes,No,Yes,Yes,Yes,Yes,No,No,Yes,Yes,Yes,No,No,4,4,4,5,3,3.0,3.0,5.0,4.0,5.0,6.0,4.0,"mainly sit and intermittently whines, moves and sits again",Righ,3.0,1.0,1.0,2.0,5.0,2.0,3.0,2.0,2.0,4.0,1.0,1.0,1.0,4.0,3.0,3.0,3.0,No,2.0,1.0,5.0,6.0,3.0,2.0,3.0,3.0,1.0,No,5.0,4.0,2.5,6.0,4.5,20.0,2.0,14.0,1.0,1.0,1.5,2.0,-1.0,2.0,6.0,2.0,6.0,2.5,1.6666666666666667,4.25,320,3.5,135.0,-0.75,2.5,24.0,3.5,10.0,3.0,81.0,1.25,2.0,3.6666666666666665,48.0,3.5,10.0,3.0,5.0,3.5,6.0,2.333333333333333,9.0,-1.0,5.333333333333333,150.0
Tim,10-42-LT,1,2020-10-30,B,LR,M,T3,GDBUK,2019-04-20,2020-10-05,2021-05-21,228 days,GD,2.0,Success,13:29:04,0:15:38,2.0,4.0,1.0,2.0,2.0,3.0,2.0,2.0,1.0,3.0,2.0,2.0,4.0,3.0,No,No,No,Yes,Yes,Yes,No,No,No,Yes,Yes,Yes,No,No,2,2,2,4,1,4.0,3.0,2.0,3.0,3.0,6.0,4.0,stays sitting,None,3.0,1.0,1.0,2.0,6.0,2.0,2.0,4.0,2.0,1.0,1.0,1.0,1.0,1.0,1.0,1.0,2.0,No,1.0,1.0,3.0,4.0,5.0,1.0,1.0,2.0,1.0,No,4.0,4.0,2.5,6.0,3.0,9.0,0.5,3.0,1.5,2.0,2.0,4.0,0.0,2.0,6.0,1.75,0.0,1.6666666666666667,1.6666666666666667,2.5,32,2.5,24.0,0.0,2.5,24.0,4.0,12.0,1.5,4.0,1.25,2.0,1.0,1.0,2.0,3.0,2.0,3.0,2.5,4.0,2.6666666666666665,10.0,0.0,3.6666666666666665,48.0
Rebecca,10-43-LR,1,2020-10-30,B,LRxGR,F,R2,GDBUK,2019-04-15,2020-10-05,2021-05-21,228 days,GD,2.0,Success,13:57:22,0:15:20,2.0,4.0,1.0,1.0,2.0,2.0,2.0,2.0,1.0,,2.0,2.0,4.0,2.0,No,Yes,No,Yes,Yes,Yes,Yes,Yes,No,Yes,Yes,Yes,Yes,Yes,4,4,3,4,4,4.0,3.0,4.0,3.0,2.0,6.0,2.0,"sits, moves slightly nearer the handler, whines and sits again",Righ,3.0,1.0,1.0,2.0,4.0,2.0,3.0,1.0,2.0,1.0,1.0,1.0,1.0,1.0,1.0,3.0,4.0,No,2.0,1.0,4.0,2.0,3.0,3.0,1.0,2.0,1.0,No,3.0,4.0,2.0,4.0,2.5,6.0,0.5,2.0,1.5,2.0,1.5,2.0,-1.0,1.5,2.0,1.75,0.0,3.5,3.5,3.75,192,3.75,192.0,0.0,2.0,12.0,3.0,8.0,3.5,144.0,1.25,2.0,1.0,1.0,3.0,8.0,2.5,4.0,1.5,2.0,2.0,6.0,2.0,3.0,24.0
Eddie,10-45-LE,1,2020-10-30,B,LR,M,E2,GDBUK,2019-03-18,2020-10-05,2021-06-11,249 days,GD,2.0,Success,12:58:18,0:16:56,5.0,1.0,5.0,,2.0,2.0,2.0,3.0,4.0,1.0,3.0,2.0,4.0,3.0,No,No,No,Yes,Yes,No,No,No,No,Yes,Yes,No,No,No,4,4,4,4,3,4.0,3.0,2.0,2.0,2.0,6.0,2.0,"stood beside the handler, occasionally looking around",None,3.0,1.0,1.0,2.0,4.0,1.0,2.0,2.0,2.0,1.0,1.0,1.0,1.0,1.0,1.0,2.0,2.0,No,1.0,1.0,3.0,4.0,5.0,1.0,1.0,1.0,1.0,No,4.0,4.0,2.0,4.0,2.0,4.0,0.0,0.0,5.0,25.0,1.0,1.0,,2.6666666666666665,12.0,1.75,0.0,1.0,1.0,4.0,256,3.0,72.0,-1.0,2.0,12.0,2.5,4.0,2.25,24.0,1.25,2.0,1.0,1.0,2.0,3.0,2.0,3.0,2.5,4.0,2.333333333333333,5.0,0.0,3.6666666666666665,48.0
Zita,10-41-LZ,2,2020-12-17,B,LRxGR,F,Z7,GDBUK,2019-04-29,2020-10-05,2021-05-21,228 days,GD,2.0,Success,12:41:53,0:14:54,2.0,4.0,1.0,1.0,2.0,3.0,2.0,2.0,2.0,4.0,1.0,1.0,4.0,2.0,No,Yes,No,Yes,Yes,Yes,Yes,Yes,No,Yes,Yes,Yes,Yes,No,4,4,4,4,4,4.0,4.0,4.0,4.0,4.0,5.0,4.0,"sits, moves, sits ",Righ,3.0,2.0,2.0,2.0,6.0,2.0,3.0,1.0,2.0,5.0,1.0,1.0,1.0,5.0,1.0,3.0,3.0,No,,,,,4.0,1.0,2.0,2.0,1.0,No,5.0,4.0,2.5,6.0,4.0,16.0,1.5,10.0,1.5,2.0,1.5,2.0,-1.0,2.333333333333333,8.0,1.75,0.0,3.5,2.5,4.0,256,4.0,256.0,0.0,2.75,48.0,4.0,12.0,3.25,108.0,1.25,2.0,3.6666666666666665,25.0,,1.0,,1.0,,1.0,2.333333333333333,8.0,-1.0,5.0,5.0
Tim,10-42-LT,2,2020-12-17,B,LR,M,T3,GDBUK,2019-04-20,2020-10-05,2021-05-21,228 days,GD,2.0,Success,12:18:10,0:14:42,5.0,1.0,5.0,,1.0,2.0,2.0,3.0,1.0,4.0,4.0,3.0,4.0,3.0,No,No,Yes,Yes,Yes,Yes,Yes,No,Yes,No,No,Yes,No,No,4,4,3,3,3,3.0,2.0,3.0,2.0,2.0,7.0,4.0,"sits, moves sits goes into a down",None,3.0,2.0,2.0,2.0,4.0,1.0,1.0,4.0,2.0,1.0,1.0,1.0,1.0,1.0,1.0,1.0,1.0,No,1.0,1.0,3.0,3.0,5.0,1.0,1.0,2.0,1.0,No,4.0,4.0,2.0,4.0,2.0,4.0,0.0,0.0,5.0,25.0,1.0,1.0,,3.0,16.0,1.75,0.0,2.333333333333333,0.6666666666666666,3.5,144,2.75,54.0,-0.75,2.75,48.0,2.5,4.0,1.0,1.0,1.25,2.0,1.0,1.0,2.0,3.0,2.0,3.0,2.0,3.0,2.6666666666666665,10.0,0.0,3.333333333333333,36.0
Rebecca,10-43-LR,2,2020-12-17,B,LRxGR,F,R2,GDBUK,2019-04-15,2020-10-05,2021-05-21,228 days,GD,2.0,Success,13:32:35,0:14:33,4.0,5.0,1.0,1.0,1.0,2.0,2.0,3.0,2.0,2.0,3.0,3.0,4.0,2.0,No,No,No,Yes,Yes,Yes,Yes,No,No,Yes,Yes,No,No,No,4,4,2,3,3,4.0,2.0,2.0,3.0,2.0,6.0,4.0,sat would look away occasionally,None,3.0,1.0,1.0,2.0,4.0,1.0,3.0,1.0,1.0,1.0,1.0,1.0,1.0,1.0,1.0,3.0,3.0,No,1.0,1.0,3.0,3.0,4.0,3.0,1.0,1.0,1.0,No,3.0,4.0,2.0,4.0,2.5,6.0,0.5,2.0,2.5,4.0,1.0,1.0,0.0,2.333333333333333,12.0,1.5,0.0,2.5,1.0,3.25,96,2.75,48.0,-0.5,2.5,24.0,2.5,4.0,3.25,108.0,1.0,1.0,1.0,1.0,2.0,3.0,2.0,3.0,2.0,3.0,2.0,4.0,2.0,3.0,27.0
Eddie,10-45-LE,2,2020-12-17,B,LR,M,E2,GDBUK,2019-03-18,2020-10-05,2021-06-11,249 days,GD,2.0,Success,13:10:31,0:14:25,5.0,1.0,5.0,,1.0,1.0,1.0,4.0,4.0,3.0,2.0,3.0,3.0,3.0,No,No,No,Yes,No,No,No,No,No,No,Yes,No,No,No,3,4,4,2,3,4.0,3.0,2.0,2.0,2.0,6.0,2.0,remains sitting,None,3.0,1.0,1.0,2.0,4.0,1.0,1.0,2.0,4.0,1.0,1.0,1.0,1.0,1.0,1.0,2.0,2.0,No,1.0,1.0,3.0,2.0,4.0,2.0,1.0,1.0,1.0,No,4.0,4.0,1.0,1.0,2.0,4.0,1.0,3.0,5.0,25.0,1.0,1.0,,3.0,24.0,1.5,0.0,0.5,0.5,3.25,96,3.0,72.0,-0.25,2.0,12.0,2.5,4.0,2.0,12.0,1.75,4.0,1.0,1.0,2.0,3.0,2.0,3.0,1.5,2.0,2.0,4.0,1.0,3.0,24.0
Minnie,12-02-LM,1,2020-01-09,B,LR,F,M1,IGDB,2018-08-25,2019-12-09,2020-07-21,225 days,GD,2.0,Success,13:41:23,0:15:09,,5.0,1.0,,1.0,3.0,2.0,2.0,4.0,3.0,3.0,1.0,4.0,2.0,No,No,No,Yes,Yes,Yes,Yes,Yes,No,Yes,Yes,Yes,Yes,No,6,4,3,5,2,2.0,2.0,2.0,3.0,5.0,7.0,2.0,stays sitting,Righ,3.0,2.0,4.0,2.0,4.0,1.0,2.0,1.0,2.0,3.0,1.0,1.0,2.0,2.0,1.0,3.0,3.0,No,1.0,1.0,2.0,3.0,4.0,2.0,2.0,2.0,1.0,No,5.0,4.0,2.5,6.0,4.0,15.0,1.5,9.0,1.0,1.0,1.0,1.0,,3.333333333333333,36.0,1.5,0.0,3.5,2.5,4.5,360,2.0,16.0,-2.5,2.75,48.0,2.5,4.0,3.0,72.0,1.5,4.0,2.0,6.0,1.5,2.0,1.5,2.0,2.0,3.0,2.333333333333333,8.0,0.0,3.333333333333333,30.0
Milo,12-03-LM,1,2020-01-09,B,LR,M,M1,IGDB,2018-08-25,2019-12-09,2020-08-24,259 days,AD,1.0,Success,14:12:59,0:14:52,,5.0,1.0,,1.0,1.0,1.0,3.0,2.0,1.0,3.0,2.0,3.0,3.0,No,No,Yes,Yes,No,No,No,No,Yes,No,No,Yes,Yes,No,4,3,4,4,1,3.0,2.0,2.0,2.0,2.0,5.0,5.0,sits and then jumps up slightly,Both,3.0,,2.0,2.0,6.0,,2.0,4.0,2.0,1.0,1.0,2.0,1.0,1.0,1.0,2.0,2.0,No,1.0,1.0,3.0,4.0,4.0,2.0,2.0,2.0,1.0,No,4.0,4.0,1.0,1.0,2.0,4.0,1.0,3.0,1.0,1.0,,1.0,,2.0,6.0,1.5,0.0,0.3333333333333333,1.5,3.75,192,2.0,12.0,-1.75,3.0,60.0,6.0,6.0,1.75,8.0,1.5,4.0,1.0,1.0,2.0,3.0,2.0,3.0,2.5,4.0,2.333333333333333,8.0,0.0,3.6666666666666665,48.0
Zodiac,04-04-LZ,2,2019-07-16,B,LR,M,Z1,Private breeder,2018-04-06,2019-04-24,2019-10-25,184 days,GD,2.0,Success,14:22:57,0:14:59,2.0,4.0,1.0,1.0,2.0,2.0,2.0,2.0,4.0,3.0,4.0,3.0,2.0,3.0,No,No,No,Yes,Yes,Yes,Yes,No,No,Yes,Yes,No,Yes,No,2,2,3,4,1,1.0,2.0,3.0,3.0,3.0,4.0,4.0,walked around and lay down and walked around again,None,3.0,1.0,2.0,2.0,6.0,2.0,1.0,4.0,2.0,1.0,1.0,1.0,1.0,1.0,1.0,1.0,2.0,No,1.0,1.0,3.0,4.0,5.0,1.0,1.0,1.0,1.0,No,4.0,4.0,2.0,4.0,3.0,9.0,1.0,5.0,1.5,2.0,1.5,2.0,-1.0,3.6666666666666665,48.0,1.25,0.0,2.5,1.8333333333333333,2.75,48,1.75,6.0,-1.0,2.75,48.0,4.0,12.0,1.25,2.0,1.25,2.0,1.0,1.0,2.0,3.0,2.0,3.0,2.5,4.0,2.333333333333333,5.0,0.0,3.6666666666666665,48.0
Vaughan,04-11-LV,1,2021-04-29,A,LR,M,V1,IGDB,2019-06-11,2021-04-07,2021-08-27,142 days,AD,1.0,Success,13:12:48,0:13:01,4.0,4.0,2.0,2.0,1.0,1.0,1.0,2.0,1.0,4.0,4.0,3.0,4.0,4.0,No,No,No,Yes,Yes,Yes,Yes,No,Yes,No,No,No,No,No,2,3,3,4,4,1.0,1.0,2.0,2.0,3.0,5.0,4.0,Shifting from a sit to a down in order to get attention and perhaps to be rewarded with the kong. ,Left,3.0,1.0,1.0,3.0,1.0,1.0,1.0,4.0,2.0,1.0,1.0,1.0,1.0,1.0,1.0,1.0,1.0,No,1.0,1.0,3.0,3.0,5.0,1.0,1.0,1.0,1.0,No,4.0,4.0,1.0,1.0,2.5,6.0,1.5,5.0,3.0,8.0,1.5,2.0,1.0,3.0,16.0,2.0,0.0,2.5,0.0,3.0,72,2.0,8.0,-1.0,2.75,36.0,1.0,1.0,1.0,1.0,1.25,2.0,1.0,1.0,2.0,3.0,2.0,3.0,2.0,3.0,2.333333333333333,5.0,0.0,3.333333333333333,36.0
Yani,04-12-LY,1,2021-04-29,A,LRxGR,F,Y1,IGDB,2019-09-25,2021-04-07,2021-08-25,140 days,AD,1.0,Success,12:18:39,0:15:41,3.0,4.0,2.0,1.0,1.0,1.0,1.0,2.0,2.0,2.0,2.0,2.0,4.0,3.0,No,No,Yes,No,No,No,No,No,Yes,No,No,No,No,No,5,3,3,5,1,3.0,2.0,4.0,3.0,3.0,6.0,5.0,Overly excited to start but loses interest quickly ,None,3.0,2.0,1.0,2.0,4.0,1.0,1.0,4.0,2.0,2.0,1.0,1.0,1.0,1.0,1.0,1.0,1.0,No,1.0,2.0,3.0,3.0,4.0,3.0,2.0,2.0,1.0,No,4.0,3.0,1.0,1.0,3.0,9.0,2.0,8.0,2.5,6.0,1.0,1.0,0.0,2.0,8.0,1.75,0.0,0.0,0.0,4.0,225,2.5,24.0,-1.5,2.75,30.0,2.5,4.0,1.0,1.0,1.25,2.0,1.3333333333333333,2.0,2.0,3.0,2.5,6.0,2.5,6.0,2.333333333333333,8.0,1.0,3.333333333333333,36.0
Yorkie,04-13-LY,1,2021-04-29,A,LRxGR,M,Y1,IGDB,2019-09-26,2021-04-07,2021-12-10,247 days,GD,2.0,Success,12:45:57,0:14:17,2.0,4.0,2.0,2.0,1.0,1.0,1.0,2.0,1.0,4.0,4.0,4.0,3.0,3.0,No,No,No,Yes,Yes,No,No,No,Yes,No,No,No,No,No,4,3,1,4,2,3.0,4.0,2.0,3.0,3.0,5.0,5.0,"Goes from jumping to sitting and lying down, always staring intently in anticipation. ",None,3.0,1.0,1.0,3.0,4.0,1.0,1.0,3.0,2.0,3.0,1.0,1.0,1.0,3.0,1.0,1.0,2.0,No,2.0,1.0,3.0,3.0,5.0,1.0,2.0,4.0,1.0,No,5.0,4.0,1.0,1.0,3.0,9.0,2.0,8.0,2.0,4.0,1.5,2.0,1.0,3.0,16.0,1.5,0.0,1.0,0.0,3.0,48,2.75,48.0,-0.25,3.0,45.0,2.5,4.0,1.5,4.0,1.25,2.0,2.333333333333333,9.0,2.5,6.0,2.0,3.0,2.0,3.0,3.333333333333333,20.0,-1.0,3.6666666666666665,45.0
Verona,04-14-LV,1,2021-04-29,A,LR,F,V1,IGDB,2019-06-11,2021-04-07,2021-08-27,142 days,AD,1.0,Success,14:17:25,0:13:22,2.0,4.0,2.0,1.0,2.0,3.0,2.0,2.0,1.0,1.0,4.0,2.0,3.0,3.0,No,No,No,Yes,Yes,Yes,Yes,Yes,No,Yes,Yes,Yes,No,No,5,3,2,5,1,2.0,2.0,5.0,4.0,3.0,6.0,5.0,"Whining, jumping restless and walking around handler constantly",None,3.0,1.0,1.0,2.0,5.0,2.0,1.0,2.0,2.0,5.0,1.0,1.0,1.0,4.0,1.0,3.0,3.0,No,2.0,2.0,4.0,3.0,5.0,1.0,1.0,4.0,1.0,No,4.0,3.0,2.5,6.0,3.5,12.0,1.0,6.0,2.0,4.0,1.5,2.0,-1.0,2.0,4.0,1.5,0.0,3.5,1.6666666666666667,3.75,150,2.5,20.0,-1.25,2.75,30.0,3.5,10.0,2.5,27.0,1.25,2.0,3.333333333333333,20.0,3.0,8.0,3.0,8.0,2.5,6.0,3.333333333333333,20.0,0.0,3.6666666666666665,48.0
Junior,10-11-LJ,1,2019-11-06,A,LR,M,J1,IGDB,2018-07-03,2019-10-07,2020-07-27,294 days,GD,2.0,Success,13:28:02,0:13:56,2.0,4.0,2.0,1.0,1.0,1.0,1.0,2.0,4.0,2.0,2.0,1.0,4.0,3.0,No,Yes,No,Yes,Yes,No,No,No,Yes,No,No,No,No,No,3,2,2,4,2,2.0,2.0,2.0,2.0,2.0,4.0,4.0,"Sitting but shifting position, moving and staring intently",None,2.0,1.0,1.0,3.0,5.0,1.0,2.0,4.0,2.0,1.0,1.0,1.0,1.0,1.0,1.0,1.0,2.0,No,3.0,2.0,5.0,4.0,4.0,2.0,1.0,1.0,1.0,No,5.0,4.0,1.0,1.0,2.0,4.0,1.0,3.0,2.0,4.0,1.0,1.0,0.0,2.6666666666666665,16.0,2.0,0.0,1.0,0.0,2.75,48,2.0,16.0,-0.75,2.5,24.0,3.0,5.0,1.5,4.0,1.25,2.0,1.0,1.0,4.0,15.0,3.5,10.0,3.0,8.0,2.0,4.0,1.0,4.666666666666667,100.0
Joy,10-12-LJ,1,2019-11-01,A,LR,F,J1,IGDB,2018-07-03,2019-10-07,2020-06-08,245 days,GD,2.0,Success,15:09:01,0:15:19,2.0,5.0,1.0,1.0,1.0,1.0,1.0,2.0,2.0,2.0,2.0,1.0,4.0,3.0,No,No,No,Yes,Yes,No,No,No,No,Yes,No,No,No,No,3,2,3,4,1,1.0,1.0,3.0,3.0,3.0,4.0,5.0,"Sitting, shifting closer to handler, continuous barking, lying down, standing up. ",,3.0,1.0,2.0,2.0,6.0,2.0,2.0,1.0,1.0,5.0,1.0,1.0,2.0,2.0,5.0,3.0,4.0,No,1.0,2.0,3.0,3.0,5.0,1.0,5.0,4.0,3.0,No,5.0,4.0,1.0,1.0,3.0,9.0,2.0,8.0,1.5,2.0,1.5,2.0,-1.0,2.0,8.0,1.75,0.0,1.0,0.6666666666666666,3.0,72,1.5,3.0,-1.5,3.0,60.0,4.0,12.0,3.25,96.0,1.25,2.0,4.0,50.0,2.0,3.0,2.5,6.0,2.5,6.0,4.0,60.0,-4.0,3.6666666666666665,45.0
Junior,10-11-LJ,2,2020-01-09,A,LR,M,J1,IGDB,2018-07-03,2019-10-07,2020-07-27,294 days,GD,2.0,Success,15:05:43,0:14:11,3.0,5.0,1.0,1.0,2.0,2.0,2.0,1.0,3.0,4.0,4.0,4.0,4.0,3.0,No,No,Yes,No,No,No,No,No,Yes,No,No,No,No,No,3,3,3,4,2,2.0,2.0,2.0,2.0,3.0,6.0,5.0,"Sitting, going down, jumps up and then lies down again. Very unsettled.",Righ,3.0,1.0,2.0,2.0,5.0,1.0,1.0,4.0,1.0,1.0,1.0,2.0,1.0,1.0,1.0,1.0,1.0,No,1.0,1.0,3.0,3.0,5.0,2.0,1.0,3.0,1.0,No,4.0,4.0,2.0,4.0,2.5,6.0,0.5,2.0,2.0,3.0,1.0,1.0,0.0,3.6666666666666665,48.0,1.75,0.0,0.0,0.0,3.25,108,2.0,16.0,-1.25,3.0,60.0,3.0,5.0,1.0,1.0,1.25,2.0,1.0,1.0,2.0,3.0,2.0,3.0,2.0,3.0,3.0,15.0,1.0,3.333333333333333,36.0
Joy,10-12-LJ,2,2019-12-18,A,LR,F,J1,IGDB,2018-07-03,2019-10-07,2020-06-08,245 days,GD,2.0,Success,12:20:35,0:15:42,2.0,5.0,1.0,1.0,3.0,3.0,2.0,2.0,1.0,2.0,4.0,4.0,4.0,2.0,No,No,No,Yes,Yes,No,No,No,Yes,No,No,No,No,No,4,4,3,1,1,3.0,4.0,5.0,2.0,4.0,6.0,4.0,Looking back and forth,None,3.0,3.0,1.0,2.0,7.0,3.0,1.0,1.0,2.0,5.0,1.0,1.0,3.0,3.0,3.0,3.0,3.0,No,2.0,1.0,5.0,3.0,5.0,1.0,1.0,3.0,3.0,No,4.0,6.0,2.5,6.0,3.0,8.0,0.5,2.0,1.5,2.0,2.0,3.0,-2.0,2.333333333333333,8.0,1.5,0.0,1.0,0.0,3.0,48,3.25,60.0,0.25,2.5,24.0,5.0,21.0,2.75,36.0,1.75,6.0,3.6666666666666665,45.0,3.5,10.0,3.0,5.0,2.0,3.0,3.6666666666666665,45.0,0.0,4.0,60.0
Minnie,12-02-LM,2,2020-02-19,A,LR,F,M1,IGDB,2018-08-25,2019-12-09,2020-07-21,225 days,GD,2.0,Success,13:58:42,00:14:11,3.0,4.0,2.0,1.0,1.0,1.0,1.0,2.0,2.0,4.0,4.0,1.0,4.0,4.0,No,Yes,No,Yes,Yes,Yes,Yes,No,Yes,No,No,No,No,No,2,3,2,4,1,3.0,2.0,4.0,2.0,4.0,6.0,4.0,Sits patiently for the duration,Righ,3.0,1.0,2.0,2.0,4.0,1.0,1.0,5.0,2.0,1.0,1.0,1.0,1.0,1.0,1.0,1.0,1.0,No,1.0,2.0,3.0,2.0,5.0,1.0,1.0,,1.0,No,4.0,4.0,1.0,1.0,3.0,8.0,2.0,7.0,2.5,6.0,1.0,1.0,0.0,3.333333333333333,32.0,2.25,0.0,2.5,0.0,2.75,48,2.5,24.0,-0.25,2.75,48.0,2.5,4.0,0.75,0.0,1.25,2.0,1.0,1.0,2.0,3.0,2.5,6.0,2.0,4.0,3.0,5.0,0.0,3.0,24.0
Vaughan,04-11-LV,2,2021-06-21,A,LR,M,V1,IGDB,2019-06-11,2021-04-07,2021-08-27,142 days,AD,1.0,Success,13:21:16,0:15:39,3.0,4.0,2.0,2.0,1.0,1.0,1.0,2.0,4.0,3.0,4.0,4.0,4.0,4.0,No,No,Yes,No,No,No,No,No,Yes,No,No,No,No,No,5,3,4,5,1,2.0,2.0,2.0,2.0,2.0,5.0,5.0,Unsettled - constantly shifting position and jumps up,Left,3.0,1.0,3.0,2.0,4.0,1.0,1.0,1.0,2.0,1.0,1.0,1.0,1.0,1.0,1.0,1.0,2.0,No,1.0,1.0,3.0,4.0,5.0,1.0,2.0,1.0,1.0,No,4.0,4.0,1.0,1.0,2.0,4.0,1.0,3.0,2.5,6.0,1.5,2.0,1.0,3.6666666666666665,48.0,2.0,0.0,0.0,0.0,4.25,300,1.75,8.0,-2.5,3.25,90.0,2.5,4.0,2.0,8.0,1.25,2.0,1.0,1.0,2.0,3.0,2.0,3.0,2.5,4.0,2.333333333333333,5.0,-1.0,3.6666666666666665,48.0
Yani,04-12-LY,2,2021-06-21,A,LRxGR,F,Y1,IGDB,2019-09-25,2021-04-07,2021-08-25,140 days,AD,1.0,Success,13:45:48,0:15:19,3.0,5.0,1.0,1.0,1.0,1.0,1.0,3.0,1.0,2.0,2.0,1.0,4.0,3.0,No,No,No,Yes,Yes,No,No,No,Yes,No,No,No,No,No,4,3,2,5,2,2.0,3.0,4.0,3.0,4.0,6.0,4.0,Jumps up when handler first gets the kong. Then unsettled. Interaction recording split between first and second videos. ,None,3.0,2.0,1.0,2.0,5.0,3.0,1.0,4.0,3.0,2.0,1.0,2.0,1.0,1.0,1.0,1.0,2.0,No,1.0,1.0,3.0,3.0,5.0,1.0,3.0,1.0,1.0,No,4.0,4.0,1.0,1.0,3.5,12.0,2.5,11.0,2.0,3.0,2.0,3.0,-2.0,1.6666666666666667,4.0,1.75,0.0,1.0,0.0,3.5,120,2.75,48.0,-0.75,2.5,24.0,4.0,15.0,1.25,2.0,1.75,6.0,1.3333333333333333,2.0,2.0,3.0,2.0,3.0,2.0,3.0,2.333333333333333,5.0,-2.0,3.333333333333333,36.0
Yorkie,04-13-LY,2,2021-06-21,A,LRxGR,M,Y1,IGDB,2019-09-26,2021-04-07,2021-12-10,247 days,GD,2.0,Success,12:18:32,0:14:35,3.0,5.0,2.0,1.0,2.0,1.0,1.0,1.0,3.0,4.0,3.0,4.0,4.0,3.0,No,No,No,Yes,Yes,No,No,No,Yes,No,No,No,No,No,3,3,2,3,2,1.0,1.0,2.0,2.0,2.0,6.0,4.0,"Goes from standing, to sitting to laying down, slight whining. No undesired behaviour seen for most of it but did jump up while handler walked to her position. Video ends before interaction begins. ",None,3.0,1.0,1.0,2.0,4.0,1.0,2.0,1.0,3.0,3.0,1.0,1.0,1.0,3.0,1.0,2.0,2.0,No,2.0,1.0,5.0,5.0,5.0,1.0,2.0,4.0,1.0,No,4.0,4.0,1.0,1.0,2.0,4.0,1.0,3.0,2.5,6.0,1.0,1.0,0.0,3.333333333333333,36.0,1.75,0.0,1.0,0.0,2.75,54,1.5,4.0,-1.25,2.5,24.0,2.5,4.0,2.5,32.0,1.5,3.0,2.333333333333333,9.0,3.5,10.0,3.0,5.0,3.0,5.0,3.333333333333333,20.0,-1.0,4.666666666666667,100.0
Verona,04-14-LV,2,2021-06-21,A,LR,F,V1,IGDB,2019-06-11,2021-04-07,2021-08-27,142 days,AD,1.0,Success,14:10:52,00:15:46,4.0,3.0,3.0,1.0,1.0,1.0,1.0,2.0,2.0,2.0,4.0,2.0,2.0,3.0,No,No,No,Yes,Yes,No,Yes,Yes,No,Yes,Yes,No,Yes,No,4,2,2,5,2,2.0,2.0,5.0,2.0,4.0,4.0,5.0,"jumping, pacing, whining, lots of begging",Righ,3.0,1.0,2.0,3.0,1.0,1.0,1.0,2.0,2.0,4.0,1.0,1.0,1.0,4.0,1.0,2.0,3.0,No,1.0,1.0,4.0,3.0,5.0,1.0,2.0,3.0,,No,5.0,4.0,1.0,1.0,3.0,8.0,2.0,7.0,3.5,12.0,1.0,1.0,0.0,2.6666666666666665,16.0,1.25,0.0,2.833333333333333,1.8333333333333333,3.25,80,2.75,40.0,-0.5,3.25,90.0,1.0,1.0,2.25,18.0,1.25,2.0,3.0,16.0,2.5,4.0,2.5,4.0,2.0,3.0,4.0,15.0,-1.0,4.0,60.0
Milo,12-03-LM,2,2020-02-19,A,LR,M,M1,IGDB,2018-08-25,2019-12-09,2020-08-24,259 days,AD,1.0,Success,15:14:29,0:14:33,3.0,5.0,1.0,2.0,1.0,1.0,1.0,4.0,3.0,4.0,4.0,1.0,4.0,4.0,No,No,No,Yes,Yes,No,No,No,Yes,No,No,No,No,No,4,3,2,3,1,2.0,2.0,2.0,2.0,3.0,4.0,4.0,"tail wagging, shifts position every now and then, antsy",Both,3.0,1.0,2.0,2.0,4.0,1.0,1.0,4.0,2.0,1.0,1.0,2.0,1.0,1.0,1.0,1.0,1.0,No,1.0,1.0,3.0,3.0,4.0,3.0,1.0,,1.0,No,4.0,3.0,1.0,1.0,2.5,6.0,1.5,5.0,2.0,3.0,1.5,2.0,1.0,3.6666666666666665,48.0,2.0,0.0,1.0,0.0,3.0,72,1.75,8.0,-1.25,2.75,48.0,2.5,4.0,1.0,1.0,1.5,4.0,1.0,1.0,2.0,3.0,2.0,3.0,2.0,3.0,2.5,4.0,2.0,3.333333333333333,36.0
